customer_id,tenure_months,monthly_spend,support_tickets,region,plan_type,satisfaction_score,contract_length_months,churned
CUST-00000,68,49.47,2,APAC,pro,7.39,12,0
CUST-00001,45,,2,EMEA,pro,6.61,12,0
CUST-00002,49,142.36,4,APAC,pro,8.94,12,0
CUST-00003,64,166.04,1,AMER,enterprise,8.74,1,0
CUST-00004,42,113.62,1,AMER,pro,10.0,12,0
CUST-00005,56,167.15,2,EMEA,enterprise,,12,0
CUST-00006,60,120.81,2,AMER,pro,7.51,12,0
CUST-00007,16,115.8,1,LATAM,pro,6.18,12,1
CUST-00008,4,145.81,0,AMER,pro,5.35,24,0
CUST-00009,22,167.63,3,LATAM,basic,7.13,12,0
CUST-00010,21,104.64,2,EMEA,basic,4.83,1,1
CUST-00011,63,109.03,2,APAC,pro,2.91,1,0
CUST-00012,65,112.76,0,AMER,pro,5.3,12,0
CUST-00013,1,123.72,1,APAC,basic,6.46,12,0
CUST-00014,36,79.48,1,EMEA,pro,10.0,12,0
CUST-00015,59,166.26,2,EMEA,pro,5.63,12,0
CUST-00016,10,101.98,3,AMER,basic,4.82,24,1
CUST-00017,57,140.81,4,AMER,pro,3.37,1,1
CUST-00018,9,82.85,2,APAC,basic,6.29,12,1
CUST-00019,34,136.15,0,LATAM,enterprise,6.49,1,0
CUST-00020,58,137.62,0,EMEA,enterprise,7.19,12,0
CUST-00021,22,101.07,1,APAC,basic,4.32,24,0
CUST-00022,25,210.94,0,EMEA,basic,5.55,1,0
CUST-00023,20,136.7,0,EMEA,pro,2.84,1,1
CUST-00024,52,,3,EMEA,basic,7.23,12,0
CUST-00025,19,163.16,2,EMEA,pro,4.1,12,1
CUST-00026,71,90.2,1,AMER,pro,1.98,24,0
CUST-00027,32,102.8,0,APAC,enterprise,9.01,24,0
CUST-00028,34,139.62,1,EMEA,basic,7.84,24,0
CUST-00029,36,122.75,2,EMEA,pro,7.56,12,0
CUST-00030,42,,0,AMER,pro,7.56,12,0
CUST-00031,40,107.12,2,LATAM,pro,5.06,1,0
CUST-00032,37,38.62,1,AMER,enterprise,8.86,24,0
CUST-00033,71,109.86,2,APAC,basic,5.04,12,0
CUST-00034,58,20.18,2,EMEA,basic,10.0,12,0
CUST-00035,57,136.73,1,AMER,pro,7.33,12,0
CUST-00036,50,87.33,1,LATAM,basic,3.61,24,0
CUST-00037,45,87.81,3,AMER,pro,8.49,12,0
CUST-00038,25,110.13,0,AMER,enterprise,10.0,1,1
CUST-00039,71,132.27,1,AMER,pro,6.47,1,0
CUST-00040,34,55.56,0,EMEA,pro,8.85,1,0
CUST-00041,16,41.31,2,EMEA,basic,6.55,12,1
CUST-00042,61,72.03,3,APAC,enterprise,5.8,12,0
CUST-00043,12,28.12,2,APAC,basic,2.28,1,1
CUST-00044,61,76.49,1,AMER,basic,,1,0
CUST-00045,44,191.59,1,EMEA,basic,6.13,1,1
CUST-00046,9,72.45,2,EMEA,basic,7.61,12,0
CUST-00047,4,149.31,2,EMEA,basic,,12,1
CUST-00048,32,58.28,1,EMEA,pro,5.29,24,0
CUST-00049,3,133.46,1,AMER,basic,8.94,12,0
CUST-00050,11,105.61,4,AMER,basic,6.23,1,1
CUST-00051,37,117.31,1,AMER,pro,6.21,1,0
CUST-00052,69,145.59,2,EMEA,basic,4.66,24,0
CUST-00053,34,199.03,0,AMER,basic,7.31,1,0
CUST-00054,58,128.76,1,AMER,pro,8.33,12,0
CUST-00055,66,125.6,1,EMEA,pro,6.1,24,0
CUST-00056,59,76.2,1,AMER,pro,6.59,12,0
CUST-00057,45,146.25,0,APAC,pro,4.73,1,0
CUST-00058,32,108.93,0,AMER,basic,9.46,12,0
CUST-00059,37,157.44,1,EMEA,basic,5.82,12,0
CUST-00060,19,118.03,2,EMEA,pro,6.65,12,1
CUST-00061,36,198.34,4,LATAM,pro,9.97,1,0
CUST-00062,27,30.77,1,EMEA,pro,6.52,24,0
CUST-00063,18,106.65,4,LATAM,enterprise,4.14,12,1
CUST-00064,71,159.67,1,AMER,pro,5.26,12,0
CUST-00065,1,104.22,1,LATAM,pro,6.29,12,0
CUST-00066,7,84.35,5,AMER,enterprise,10.0,1,0
CUST-00067,14,108.04,1,APAC,basic,7.34,1,1
CUST-00068,69,57.9,1,AMER,basic,6.53,12,0
CUST-00069,50,,2,APAC,enterprise,8.43,24,0
CUST-00070,63,229.82,2,EMEA,basic,9.29,24,0
CUST-00071,15,171.53,2,EMEA,basic,5.57,24,0
CUST-00072,52,70.09,2,AMER,basic,9.53,1,0
CUST-00073,27,80.7,2,AMER,pro,8.49,24,0
CUST-00074,35,101.79,0,AMER,basic,7.75,1,0
CUST-00075,1,165.2,1,AMER,basic,,1,1
CUST-00076,44,83.03,1,EMEA,basic,7.3,24,0
CUST-00077,59,88.94,3,AMER,basic,9.46,1,0
CUST-00078,48,159.81,2,AMER,basic,6.45,12,0
CUST-00079,11,158.91,1,AMER,enterprise,10.0,12,0
CUST-00080,38,103.18,0,AMER,basic,7.08,24,1
CUST-00081,19,69.7,3,AMER,basic,5.11,24,0
CUST-00082,69,50.26,4,EMEA,pro,8.02,12,0
CUST-00083,63,88.55,0,LATAM,pro,7.48,1,0
CUST-00084,14,19.63,2,EMEA,pro,8.46,1,0
CUST-00085,37,153.74,1,APAC,basic,6.55,1,0
CUST-00086,67,91.65,1,AMER,basic,9.31,12,0
CUST-00087,61,141.66,1,EMEA,basic,5.94,12,0
CUST-00088,51,204.07,4,APAC,pro,,24,0
CUST-00089,46,172.78,3,LATAM,basic,4.69,24,0
CUST-00090,3,68.2,1,APAC,basic,5.5,1,0
CUST-00091,53,159.12,0,EMEA,pro,,12,0
CUST-00092,34,172.1,1,LATAM,pro,5.76,24,0
CUST-00093,7,86.41,1,AMER,basic,6.14,12,0
CUST-00094,18,77.1,3,APAC,basic,6.58,12,1
CUST-00095,39,115.06,1,APAC,enterprise,7.41,24,0
CUST-00096,52,47.94,0,APAC,basic,8.34,24,0
CUST-00097,37,,2,AMER,pro,8.35,1,0
CUST-00098,44,11.76,2,AMER,basic,8.81,24,0
CUST-00099,62,70.19,1,AMER,pro,7.33,12,0
CUST-00100,49,107.87,2,EMEA,basic,5.97,1,0
CUST-00101,26,109.78,2,AMER,pro,4.08,12,1
CUST-00102,46,127.48,0,LATAM,enterprise,6.33,24,0
CUST-00103,43,132.22,1,AMER,basic,5.51,1,1
CUST-00104,8,110.39,2,APAC,enterprise,3.66,1,1
CUST-00105,5,171.16,3,EMEA,basic,9.95,24,0
CUST-00106,47,23.73,1,AMER,basic,3.61,12,1
CUST-00107,28,119.99,2,AMER,pro,7.6,24,0
CUST-00108,43,87.84,0,AMER,pro,7.97,1,0
CUST-00109,23,125.96,1,AMER,basic,6.53,1,0
CUST-00110,17,129.93,2,AMER,pro,10.0,24,0
CUST-00111,11,78.97,0,AMER,pro,,12,1
CUST-00112,28,91.16,1,LATAM,enterprise,5.57,24,0
CUST-00113,58,155.67,1,EMEA,enterprise,10.0,12,0
CUST-00114,29,135.71,2,EMEA,enterprise,5.5,24,0
CUST-00115,27,89.39,1,APAC,pro,4.35,12,0
CUST-00116,41,211.8,4,AMER,pro,5.13,12,0
CUST-00117,70,223.91,0,LATAM,pro,5.79,24,0
CUST-00118,28,54.19,2,AMER,basic,7.04,12,0
CUST-00119,42,133.58,0,AMER,pro,,24,0
CUST-00120,32,232.9,1,AMER,basic,,24,0
CUST-00121,43,155.28,4,AMER,basic,7.6,12,1
CUST-00122,32,129.95,2,AMER,basic,10.0,24,0
CUST-00123,46,110.64,1,EMEA,basic,5.66,12,0
CUST-00124,39,95.65,1,EMEA,pro,6.72,24,0
CUST-00125,49,110.44,2,AMER,pro,8.23,1,0
CUST-00126,68,95.22,4,LATAM,pro,9.16,1,0
CUST-00127,11,153.52,0,APAC,basic,5.74,1,1
CUST-00128,40,102.08,0,EMEA,pro,5.2,1,0
CUST-00129,32,100.15,4,LATAM,basic,5.12,12,0
CUST-00130,26,65.9,2,EMEA,basic,8.96,24,0
CUST-00131,18,117.77,4,AMER,basic,8.6,12,1
CUST-00132,4,79.76,4,APAC,pro,3.01,24,1
CUST-00133,29,111.87,3,LATAM,enterprise,3.05,24,0
CUST-00134,59,166.88,0,AMER,basic,4.7,12,0
CUST-00135,7,136.47,3,EMEA,basic,4.22,12,1
CUST-00136,29,142.71,2,AMER,pro,7.71,1,0
CUST-00137,69,136.02,0,LATAM,basic,7.36,24,0
CUST-00138,68,122.66,3,AMER,basic,10.0,24,0
CUST-00139,16,114.27,2,APAC,pro,8.41,24,0
CUST-00140,1,106.15,1,AMER,basic,7.18,12,0
CUST-00141,48,154.16,3,EMEA,enterprise,9.12,12,0
CUST-00142,2,71.21,3,EMEA,basic,5.33,12,1
CUST-00143,22,180.33,0,APAC,pro,,24,0
CUST-00144,36,121.53,1,AMER,pro,7.02,12,0
CUST-00145,63,86.31,0,EMEA,pro,8.68,1,0
CUST-00146,7,97.99,0,AMER,pro,4.0,1,1
CUST-00147,48,89.54,3,AMER,pro,8.59,1,0
CUST-00148,38,127.21,0,AMER,basic,8.53,12,0
CUST-00149,10,87.7,5,AMER,basic,6.05,12,0
CUST-00150,61,171.4,2,LATAM,pro,7.27,1,0
CUST-00151,61,84.83,3,EMEA,basic,,12,0
CUST-00152,35,17.74,2,AMER,pro,7.11,24,0
CUST-00153,68,87.11,2,EMEA,pro,8.44,12,0
CUST-00154,44,29.62,1,AMER,pro,5.49,1,0
CUST-00155,65,118.21,0,AMER,enterprise,8.86,24,0
CUST-00156,69,167.66,3,EMEA,basic,8.55,24,0
CUST-00157,41,149.15,0,EMEA,pro,8.62,24,0
CUST-00158,20,59.81,2,EMEA,basic,3.36,1,1
CUST-00159,11,85.7,2,LATAM,pro,3.56,12,1
CUST-00160,40,200.04,2,LATAM,pro,8.23,12,0
CUST-00161,14,134.33,1,APAC,pro,5.89,12,0
CUST-00162,54,120.19,2,EMEA,pro,5.7,12,0
CUST-00163,66,167.52,0,APAC,pro,5.56,1,0
CUST-00164,18,230.37,3,AMER,basic,4.51,24,1
CUST-00165,40,178.35,3,APAC,pro,6.44,24,0
CUST-00166,4,126.27,1,AMER,basic,5.64,12,1
CUST-00167,13,135.96,0,LATAM,pro,5.76,12,0
CUST-00168,27,147.77,2,AMER,basic,7.84,12,0
CUST-00169,63,92.43,1,APAC,pro,4.8,12,0
CUST-00170,69,72.36,2,EMEA,pro,9.02,12,0
CUST-00171,46,122.36,2,APAC,pro,2.89,12,0
CUST-00172,42,77.38,1,EMEA,basic,10.0,1,0
CUST-00173,41,117.23,0,APAC,basic,4.47,12,0
CUST-00174,5,124.33,1,APAC,pro,8.03,1,0
CUST-00175,27,225.35,1,EMEA,basic,8.63,12,0
CUST-00176,70,81.7,1,LATAM,pro,6.95,1,0
CUST-00177,30,114.52,1,AMER,basic,8.32,24,0
CUST-00178,16,112.61,4,LATAM,basic,6.76,12,0
CUST-00179,18,139.68,2,EMEA,basic,3.73,1,0
CUST-00180,51,167.1,1,APAC,pro,,1,0
CUST-00181,3,97.93,1,EMEA,basic,9.05,12,0
CUST-00182,69,83.04,0,AMER,pro,5.95,24,0
CUST-00183,63,46.17,0,EMEA,pro,3.85,1,0
CUST-00184,41,78.32,1,LATAM,basic,5.86,12,0
CUST-00185,34,144.14,1,EMEA,pro,7.55,12,0
CUST-00186,55,122.05,1,LATAM,pro,7.51,12,0
CUST-00187,39,74.31,1,AMER,enterprise,8.98,12,0
CUST-00188,34,103.23,3,EMEA,basic,7.98,24,0
CUST-00189,23,121.42,1,EMEA,basic,7.89,24,0
CUST-00190,32,142.67,0,AMER,basic,3.29,1,1
CUST-00191,54,93.3,1,AMER,pro,10.0,12,0
CUST-00192,4,108.73,2,APAC,basic,7.05,1,1
CUST-00193,2,38.17,0,APAC,enterprise,8.54,1,0
CUST-00194,52,68.19,1,AMER,pro,6.32,12,0
CUST-00195,27,192.8,1,AMER,basic,6.68,12,0
CUST-00196,58,21.53,1,APAC,pro,7.07,12,0
CUST-00197,3,104.8,1,APAC,basic,9.85,1,1
CUST-00198,65,,1,APAC,basic,9.74,12,0
CUST-00199,9,103.15,1,APAC,pro,8.09,1,0
CUST-00200,30,83.63,1,AMER,pro,10.0,1,0
CUST-00201,69,117.25,1,EMEA,pro,6.24,24,0
CUST-00202,8,119.78,1,EMEA,basic,7.91,12,0
CUST-00203,47,116.3,1,AMER,basic,6.13,1,0
CUST-00204,52,,1,EMEA,basic,9.34,12,0
CUST-00205,31,113.37,2,EMEA,basic,7.03,24,0
CUST-00206,6,81.52,2,LATAM,basic,8.76,24,0
CUST-00207,38,95.35,0,EMEA,basic,10.0,1,0
CUST-00208,31,130.21,2,AMER,basic,3.16,12,0
CUST-00209,62,148.83,0,EMEA,pro,10.0,12,0
CUST-00210,49,160.35,4,EMEA,basic,7.56,12,0
CUST-00211,25,97.66,5,EMEA,basic,6.38,1,1
CUST-00212,5,161.58,0,EMEA,basic,3.45,1,1
CUST-00213,42,172.82,1,EMEA,basic,6.42,24,0
CUST-00214,20,171.15,3,APAC,pro,2.75,12,1
CUST-00215,49,182.54,0,AMER,basic,7.13,1,0
CUST-00216,62,113.44,1,EMEA,basic,,12,0
CUST-00217,26,112.16,0,EMEA,basic,10.0,12,1
CUST-00218,65,157.13,0,APAC,basic,6.37,1,0
CUST-00219,37,58.51,2,EMEA,enterprise,8.95,12,0
CUST-00220,38,129.42,1,APAC,pro,9.12,12,0
CUST-00221,55,96.12,2,APAC,enterprise,10.0,12,0
CUST-00222,57,103.4,2,AMER,enterprise,6.52,24,0
CUST-00223,65,41.63,3,AMER,basic,8.38,24,0
CUST-00224,71,79.93,0,APAC,pro,4.18,24,0
CUST-00225,11,119.08,3,AMER,basic,4.94,12,0
CUST-00226,30,159.98,2,LATAM,basic,6.48,24,1
CUST-00227,67,164.55,4,EMEA,pro,6.94,24,0
CUST-00228,22,116.39,2,EMEA,pro,4.74,1,0
CUST-00229,1,111.48,1,EMEA,pro,6.22,12,0
CUST-00230,41,82.62,3,AMER,basic,8.27,12,1
CUST-00231,54,138.11,5,EMEA,enterprise,6.14,12,0
CUST-00232,53,,1,LATAM,pro,6.7,1,0
CUST-00233,58,147.26,3,AMER,pro,5.34,12,0
CUST-00234,46,198.83,0,LATAM,pro,9.53,12,0
CUST-00235,10,118.54,2,AMER,enterprise,10.0,12,0
CUST-00236,61,52.62,1,AMER,basic,7.36,12,1
CUST-00237,30,81.26,2,LATAM,basic,6.77,12,0
CUST-00238,61,54.38,2,APAC,enterprise,10.0,12,0
CUST-00239,58,66.13,0,AMER,pro,7.87,1,0
CUST-00240,69,178.74,1,LATAM,enterprise,5.75,12,0
CUST-00241,2,130.2,1,AMER,basic,4.5,12,0
CUST-00242,62,51.59,1,EMEA,enterprise,5.9,12,0
CUST-00243,45,149.41,2,EMEA,basic,10.0,24,0
CUST-00244,35,176.72,1,APAC,pro,5.89,24,0
CUST-00245,57,103.81,1,AMER,enterprise,10.0,12,0
CUST-00246,68,89.58,1,AMER,pro,6.98,24,0
CUST-00247,37,104.82,2,EMEA,basic,6.59,1,0
CUST-00248,7,132.81,1,AMER,basic,9.43,12,0
CUST-00249,52,148.8,1,EMEA,basic,6.54,24,0
CUST-00250,17,173.2,2,APAC,basic,7.69,1,0
CUST-00251,17,174.56,3,LATAM,enterprise,5.07,12,1
CUST-00252,14,173.34,1,AMER,pro,4.69,12,0
CUST-00253,15,181.29,2,EMEA,basic,5.63,12,1
CUST-00254,65,149.76,4,LATAM,pro,7.4,12,0
CUST-00255,26,51.11,2,AMER,basic,5.76,12,0
CUST-00256,8,114.11,2,APAC,pro,3.37,24,1
CUST-00257,13,134.13,0,AMER,basic,7.87,1,0
CUST-00258,29,102.76,1,LATAM,basic,6.69,1,0
CUST-00259,25,161.01,1,EMEA,pro,6.48,12,0
CUST-00260,23,103.79,3,APAC,enterprise,,12,0
CUST-00261,68,78.34,0,AMER,pro,2.83,12,0
CUST-00262,62,184.99,3,EMEA,enterprise,9.93,24,0
CUST-00263,41,149.97,2,EMEA,basic,6.11,24,0
CUST-00264,71,129.87,0,AMER,basic,7.97,12,0
CUST-00265,25,161.7,1,EMEA,pro,9.57,1,0
CUST-00266,10,167.81,1,APAC,basic,9.08,12,0
CUST-00267,20,135.35,1,EMEA,basic,7.37,1,1
CUST-00268,7,10.0,1,EMEA,basic,7.01,12,0
CUST-00269,68,89.6,2,AMER,basic,7.56,12,0
CUST-00270,16,99.45,3,EMEA,pro,8.67,12,0
CUST-00271,32,75.71,0,EMEA,pro,8.07,24,0
CUST-00272,15,128.94,0,LATAM,pro,6.17,1,0
CUST-00273,70,173.65,3,APAC,pro,7.83,1,0
CUST-00274,12,98.18,0,EMEA,pro,7.69,24,0
CUST-00275,37,68.93,1,EMEA,enterprise,8.28,24,0
CUST-00276,68,211.26,2,AMER,basic,7.38,1,0
CUST-00277,38,99.69,2,EMEA,basic,9.53,12,0
CUST-00278,64,64.52,1,AMER,enterprise,7.37,12,0
CUST-00279,64,130.7,2,LATAM,enterprise,8.64,1,0
CUST-00280,55,139.16,0,EMEA,pro,7.08,12,0
CUST-00281,53,88.27,0,AMER,pro,5.94,12,0
CUST-00282,41,155.57,2,AMER,pro,5.25,12,1
CUST-00283,42,98.07,2,LATAM,basic,6.7,1,0
CUST-00284,60,78.47,1,AMER,pro,7.99,1,0
CUST-00285,31,128.04,1,AMER,basic,9.34,1,0
CUST-00286,68,154.68,1,LATAM,basic,6.83,1,0
CUST-00287,63,91.48,2,APAC,basic,6.04,12,0
CUST-00288,27,134.88,1,AMER,pro,6.06,1,0
CUST-00289,30,115.79,1,AMER,basic,9.38,12,0
CUST-00290,51,247.1,1,AMER,basic,7.19,1,0
CUST-00291,66,88.11,5,AMER,basic,6.07,12,0
CUST-00292,7,182.29,2,APAC,pro,8.36,12,0
CUST-00293,5,117.64,2,EMEA,enterprise,4.56,1,1
CUST-00294,18,114.3,4,LATAM,basic,7.21,12,0
CUST-00295,31,152.47,0,LATAM,enterprise,6.92,24,0
CUST-00296,12,160.23,0,APAC,basic,6.75,12,0
CUST-00297,37,177.02,2,EMEA,pro,4.87,1,0
CUST-00298,39,134.79,0,AMER,pro,8.81,1,0
CUST-00299,68,92.98,2,EMEA,basic,10.0,12,0
CUST-00300,53,95.81,3,EMEA,pro,4.55,1,0
CUST-00301,18,142.93,1,APAC,enterprise,7.22,24,0
CUST-00302,56,146.14,1,APAC,basic,8.19,12,0
CUST-00303,58,182.91,1,AMER,basic,10.0,24,0
CUST-00304,49,138.83,1,APAC,enterprise,6.23,12,0
CUST-00305,49,167.71,2,AMER,pro,,12,0
CUST-00306,23,188.25,1,APAC,basic,6.99,1,0
CUST-00307,51,127.42,0,AMER,basic,10.0,1,0
CUST-00308,10,53.15,1,APAC,basic,7.13,1,0
CUST-00309,45,66.93,0,EMEA,basic,7.49,24,0
CUST-00310,66,55.3,2,AMER,pro,10.0,24,0
CUST-00311,69,191.62,2,AMER,pro,3.06,12,1
CUST-00312,22,81.87,1,AMER,pro,3.0,12,0
CUST-00313,24,175.43,2,EMEA,enterprise,8.67,12,0
CUST-00314,44,146.36,0,LATAM,pro,8.43,12,0
CUST-00315,29,197.19,3,LATAM,enterprise,4.44,24,0
CUST-00316,52,165.14,2,EMEA,basic,7.95,1,0
CUST-00317,15,115.39,1,AMER,basic,7.08,24,0
CUST-00318,12,111.0,2,LATAM,enterprise,7.4,1,0
CUST-00319,4,123.83,1,LATAM,pro,5.51,12,0
CUST-00320,34,127.89,1,AMER,basic,6.16,12,0
CUST-00321,16,96.12,1,EMEA,basic,5.38,12,1
CUST-00322,22,118.53,0,EMEA,basic,7.09,1,0
CUST-00323,65,192.42,2,EMEA,basic,6.57,12,0
CUST-00324,58,43.4,1,APAC,enterprise,10.0,24,0
CUST-00325,60,131.63,1,AMER,basic,8.16,1,0
CUST-00326,43,79.19,2,AMER,basic,4.09,1,0
CUST-00327,8,128.42,1,AMER,pro,7.77,12,0
CUST-00328,54,157.79,0,EMEA,basic,9.64,24,0
CUST-00329,43,117.41,1,AMER,basic,7.52,12,0
CUST-00330,65,154.78,0,AMER,pro,9.0,1,0
CUST-00331,35,48.46,2,AMER,enterprise,6.94,1,0
CUST-00332,13,169.81,2,AMER,enterprise,8.3,24,0
CUST-00333,43,92.86,2,EMEA,basic,5.27,1,0
CUST-00334,33,148.01,1,AMER,basic,8.45,12,0
CUST-00335,47,128.21,1,EMEA,pro,4.46,1,0
CUST-00336,27,10.0,1,AMER,basic,9.38,12,1
CUST-00337,22,85.98,1,APAC,pro,4.21,12,0
CUST-00338,9,129.92,2,AMER,basic,3.1,12,1
CUST-00339,69,,1,APAC,pro,7.98,12,0
CUST-00340,54,132.93,1,EMEA,basic,6.68,12,0
CUST-00341,34,131.6,0,AMER,basic,7.21,1,0
CUST-00342,17,,1,AMER,pro,7.79,12,0
CUST-00343,45,184.4,0,AMER,pro,6.95,12,0
CUST-00344,30,201.32,0,EMEA,pro,5.37,12,0
CUST-00345,46,121.29,2,EMEA,basic,7.39,1,0
CUST-00346,7,110.11,3,AMER,pro,7.64,24,0
CUST-00347,14,47.14,1,AMER,enterprise,,1,0
CUST-00348,53,159.75,4,EMEA,basic,10.0,12,1
CUST-00349,5,241.6,0,AMER,basic,5.64,12,0
CUST-00350,49,152.27,2,APAC,basic,7.12,1,0
CUST-00351,30,176.87,0,AMER,pro,8.03,12,0
CUST-00352,1,144.39,0,AMER,basic,6.17,1,0
CUST-00353,55,75.67,1,APAC,pro,4.79,24,1
CUST-00354,50,180.15,2,AMER,basic,5.95,1,0
CUST-00355,58,64.44,1,LATAM,pro,8.96,1,0
CUST-00356,64,110.52,1,LATAM,basic,6.5,12,0
CUST-00357,52,132.55,1,APAC,pro,8.13,12,0
CUST-00358,60,159.73,0,APAC,basic,5.64,12,0
CUST-00359,9,138.72,1,AMER,pro,7.82,24,0
CUST-00360,66,137.41,1,AMER,pro,5.75,12,0
CUST-00361,65,85.73,3,EMEA,pro,5.44,24,0
CUST-00362,50,61.98,2,EMEA,basic,7.21,12,0
CUST-00363,57,,0,EMEA,basic,7.1,24,0
CUST-00364,53,88.04,1,EMEA,pro,9.72,24,0
CUST-00365,63,61.15,0,APAC,basic,4.0,24,0
CUST-00366,64,63.03,3,APAC,basic,7.94,12,0
CUST-00367,38,97.94,1,LATAM,pro,9.98,1,0
CUST-00368,58,36.63,0,EMEA,enterprise,9.51,12,0
CUST-00369,66,59.36,2,APAC,pro,6.29,12,0
CUST-00370,22,46.42,1,AMER,basic,5.74,12,0
CUST-00371,4,128.2,0,AMER,enterprise,6.09,12,0
CUST-00372,13,138.36,2,EMEA,basic,7.56,12,0
CUST-00373,3,210.32,2,APAC,basic,7.35,1,0
CUST-00374,31,52.61,3,AMER,pro,7.65,24,0
CUST-00375,2,89.42,1,AMER,enterprise,8.11,12,0
CUST-00376,19,161.07,2,AMER,pro,5.02,1,0
CUST-00377,18,110.25,1,AMER,enterprise,4.92,12,0
CUST-00378,51,105.29,4,APAC,pro,4.74,24,1
CUST-00379,18,196.91,1,AMER,basic,4.52,1,0
CUST-00380,68,104.77,2,APAC,pro,6.82,24,0
CUST-00381,14,67.97,1,LATAM,pro,7.57,1,0
CUST-00382,69,60.74,0,APAC,basic,10.0,1,0
CUST-00383,41,135.11,1,LATAM,pro,7.98,24,0
CUST-00384,18,133.74,3,AMER,basic,7.03,1,0
CUST-00385,3,58.27,2,AMER,basic,9.62,24,0
CUST-00386,22,75.66,1,AMER,enterprise,5.64,1,0
CUST-00387,42,,1,AMER,basic,7.63,12,0
CUST-00388,8,145.98,1,LATAM,basic,8.8,24,0
CUST-00389,12,,2,AMER,basic,8.45,1,0
CUST-00390,9,148.0,2,EMEA,basic,7.75,24,1
CUST-00391,49,145.73,3,AMER,basic,6.36,24,0
CUST-00392,7,39.76,0,EMEA,basic,,12,0
CUST-00393,2,105.96,3,EMEA,basic,6.72,1,1
CUST-00394,33,138.68,1,APAC,basic,5.9,24,0
CUST-00395,23,94.21,1,AMER,basic,8.27,1,0
CUST-00396,41,23.75,0,AMER,basic,6.75,12,0
CUST-00397,67,107.26,1,AMER,basic,8.04,1,0
CUST-00398,61,153.84,3,AMER,basic,4.03,24,0
CUST-00399,39,191.12,3,APAC,basic,8.8,1,0
CUST-00400,46,21.41,0,LATAM,pro,5.43,12,0
CUST-00401,58,237.6,0,AMER,pro,4.12,12,0
CUST-00402,32,69.28,1,APAC,enterprise,4.46,1,1
CUST-00403,47,163.06,2,APAC,pro,5.84,12,0
CUST-00404,16,175.54,3,AMER,pro,9.07,12,0
CUST-00405,44,164.24,3,AMER,basic,8.32,24,0
CUST-00406,17,126.73,2,APAC,pro,4.83,12,1
CUST-00407,14,67.74,0,AMER,pro,7.16,12,0
CUST-00408,55,148.2,0,LATAM,enterprise,6.81,12,0
CUST-00409,41,87.81,0,EMEA,basic,,12,1
CUST-00410,27,10.0,1,LATAM,enterprise,,12,0
CUST-00411,3,247.3,1,EMEA,enterprise,3.24,12,1
CUST-00412,17,151.86,2,AMER,enterprise,5.39,12,0
CUST-00413,57,201.81,0,EMEA,pro,2.11,12,0
CUST-00414,34,78.98,0,EMEA,pro,5.53,12,0
CUST-00415,69,186.04,1,AMER,enterprise,5.27,12,0
CUST-00416,64,191.54,2,APAC,basic,5.53,1,0
CUST-00417,61,189.95,1,APAC,pro,5.48,12,0
CUST-00418,2,119.05,5,LATAM,basic,9.13,1,1
CUST-00419,4,65.89,1,EMEA,basic,6.36,24,0
CUST-00420,42,112.02,2,EMEA,pro,7.44,24,0
CUST-00421,25,20.88,0,AMER,pro,8.39,1,0
CUST-00422,60,43.41,1,LATAM,basic,8.66,24,0
CUST-00423,23,124.14,1,APAC,pro,8.25,12,1
CUST-00424,11,75.39,1,EMEA,pro,5.98,12,0
CUST-00425,9,112.6,1,EMEA,basic,4.98,12,1
CUST-00426,22,115.1,1,APAC,basic,5.56,12,1
CUST-00427,45,206.88,2,AMER,basic,6.13,1,0
CUST-00428,9,178.39,1,AMER,pro,7.01,12,0
CUST-00429,57,117.98,0,LATAM,enterprise,6.84,24,0
CUST-00430,22,174.4,1,AMER,pro,9.02,24,0
CUST-00431,23,84.91,1,AMER,basic,6.81,12,0
CUST-00432,48,104.84,2,EMEA,enterprise,10.0,24,0
CUST-00433,62,160.96,1,AMER,basic,,24,1
CUST-00434,31,64.13,1,AMER,basic,6.11,12,0
CUST-00435,57,107.45,1,APAC,pro,8.59,24,0
CUST-00436,22,60.56,0,EMEA,basic,1.7,1,1
CUST-00437,10,125.29,2,EMEA,basic,9.54,1,0
CUST-00438,59,193.46,1,AMER,basic,7.76,12,0
CUST-00439,55,86.16,1,EMEA,enterprise,7.73,24,0
CUST-00440,54,130.16,1,AMER,basic,3.9,12,0
CUST-00441,63,79.62,2,AMER,basic,10.0,12,0
CUST-00442,36,68.27,2,AMER,basic,6.53,12,0
CUST-00443,15,,1,EMEA,pro,6.74,12,0
CUST-00444,42,185.46,2,AMER,pro,9.07,12,0
CUST-00445,41,226.31,2,APAC,enterprise,6.64,24,0
CUST-00446,28,141.74,3,EMEA,pro,5.43,1,0
CUST-00447,46,87.77,3,LATAM,pro,,12,0
CUST-00448,19,151.72,0,AMER,pro,5.13,12,1
CUST-00449,44,104.96,0,AMER,basic,8.37,1,0
CUST-00450,57,156.06,1,AMER,basic,7.25,24,0
CUST-00451,7,133.09,3,APAC,basic,9.07,12,1
CUST-00452,33,132.59,1,AMER,basic,4.77,12,0
CUST-00453,47,147.33,1,APAC,basic,,24,0
CUST-00454,4,93.92,1,EMEA,basic,7.54,12,0
CUST-00455,45,101.8,0,AMER,basic,10.0,12,0
CUST-00456,65,42.54,2,AMER,basic,5.8,12,0
CUST-00457,59,100.12,0,AMER,basic,10.0,24,0
CUST-00458,49,56.0,1,EMEA,basic,8.3,12,0
CUST-00459,58,113.49,1,EMEA,enterprise,8.45,1,0
CUST-00460,26,76.91,1,AMER,basic,5.66,1,0
CUST-00461,24,124.56,5,LATAM,basic,8.03,24,0
CUST-00462,6,140.4,1,AMER,pro,8.23,12,1
CUST-00463,52,56.09,0,APAC,pro,5.47,1,0
CUST-00464,23,83.4,0,AMER,enterprise,4.87,24,1
CUST-00465,62,77.55,0,LATAM,basic,5.58,12,0
CUST-00466,34,153.59,1,AMER,basic,9.69,12,0
CUST-00467,64,196.79,1,LATAM,pro,7.29,12,0
CUST-00468,10,158.32,0,EMEA,pro,8.72,24,0
CUST-00469,12,104.28,1,AMER,pro,7.53,12,0
CUST-00470,25,185.93,1,AMER,enterprise,7.21,1,0
CUST-00471,2,51.87,1,AMER,enterprise,7.41,12,0
CUST-00472,35,187.47,2,AMER,basic,6.24,12,1
CUST-00473,47,90.47,2,LATAM,basic,9.25,12,0
CUST-00474,47,10.0,0,LATAM,enterprise,,12,0
CUST-00475,16,239.29,2,AMER,basic,7.41,12,0
CUST-00476,12,191.01,2,EMEA,basic,4.45,24,1
CUST-00477,41,73.57,2,AMER,pro,7.57,1,0
CUST-00478,45,127.61,0,AMER,basic,,1,0
CUST-00479,68,110.35,1,EMEA,pro,6.08,12,0
CUST-00480,64,124.6,1,EMEA,enterprise,8.91,1,0
CUST-00481,27,53.25,3,LATAM,pro,4.99,12,1
CUST-00482,12,89.33,1,LATAM,basic,6.63,1,0
CUST-00483,18,141.06,1,AMER,basic,8.16,24,0
CUST-00484,63,130.02,1,EMEA,basic,9.12,24,0
CUST-00485,33,173.97,1,APAC,basic,6.05,12,0
CUST-00486,71,123.59,0,APAC,pro,7.59,24,0
CUST-00487,47,225.71,0,EMEA,basic,7.53,1,0
CUST-00488,43,87.79,2,EMEA,basic,4.92,12,1
CUST-00489,8,,2,EMEA,pro,3.06,12,0
CUST-00490,42,33.77,2,EMEA,pro,3.45,1,0
CUST-00491,28,63.61,1,EMEA,pro,8.1,1,0
CUST-00492,60,179.78,4,APAC,basic,7.19,24,0
CUST-00493,10,77.57,1,AMER,basic,4.53,1,0
CUST-00494,14,143.88,1,EMEA,pro,5.82,24,0
CUST-00495,48,117.22,1,EMEA,pro,6.26,12,0
CUST-00496,49,73.0,0,APAC,pro,6.34,12,0
CUST-00497,59,104.33,2,AMER,basic,6.94,1,0
CUST-00498,38,96.86,2,EMEA,enterprise,10.0,24,0
CUST-00499,27,98.07,2,APAC,basic,5.56,12,0
CUST-00500,22,153.91,2,AMER,pro,7.26,1,0
CUST-00501,27,149.36,0,APAC,pro,5.58,1,1
CUST-00502,48,94.02,1,EMEA,enterprise,5.84,1,0
CUST-00503,39,79.18,3,AMER,basic,5.38,12,0
CUST-00504,22,132.71,1,AMER,enterprise,6.57,12,1
CUST-00505,16,115.5,2,AMER,pro,5.98,12,0
CUST-00506,51,166.27,1,EMEA,pro,7.64,12,0
CUST-00507,18,239.49,1,AMER,basic,7.39,24,0
CUST-00508,15,157.93,2,AMER,enterprise,5.36,12,0
CUST-00509,24,118.44,0,APAC,basic,10.0,12,0
CUST-00510,61,112.26,1,APAC,enterprise,4.85,24,0
CUST-00511,33,81.45,2,APAC,pro,7.65,24,0
CUST-00512,43,79.2,2,APAC,pro,10.0,24,0
CUST-00513,6,74.85,0,APAC,basic,5.69,12,0
CUST-00514,25,102.21,3,LATAM,pro,9.44,1,0
CUST-00515,54,100.78,1,AMER,basic,9.61,12,0
CUST-00516,55,153.47,2,APAC,pro,7.62,12,0
CUST-00517,42,102.05,2,AMER,pro,3.6,1,0
CUST-00518,63,111.11,1,AMER,basic,9.61,12,0
CUST-00519,22,65.18,0,APAC,pro,7.17,1,0
CUST-00520,12,194.01,2,AMER,pro,5.99,12,0
CUST-00521,6,142.81,2,LATAM,basic,9.35,12,0
CUST-00522,15,200.5,3,LATAM,pro,5.67,1,1
CUST-00523,55,155.86,1,AMER,pro,8.96,12,0
CUST-00524,65,187.03,2,EMEA,basic,5.99,1,0
CUST-00525,10,108.82,1,LATAM,pro,7.98,12,1
CUST-00526,36,152.27,1,EMEA,pro,5.02,12,0
CUST-00527,10,241.75,0,EMEA,enterprise,6.27,12,0
CUST-00528,60,64.94,2,EMEA,pro,5.31,12,0
CUST-00529,10,172.93,3,EMEA,basic,5.69,1,0
CUST-00530,46,196.41,1,EMEA,enterprise,7.34,24,1
CUST-00531,6,138.95,3,EMEA,enterprise,6.68,12,0
CUST-00532,53,154.43,2,LATAM,basic,7.34,12,0
CUST-00533,65,177.58,3,AMER,enterprise,9.36,1,0
CUST-00534,52,89.84,1,AMER,basic,6.79,12,0
CUST-00535,20,138.78,0,AMER,basic,3.58,12,0
CUST-00536,60,80.04,2,AMER,basic,6.47,12,0
CUST-00537,22,,1,AMER,basic,7.15,12,0
CUST-00538,54,91.58,0,LATAM,basic,8.87,12,0
CUST-00539,60,113.42,0,AMER,basic,8.9,24,0
CUST-00540,35,126.74,1,EMEA,enterprise,8.75,24,0
CUST-00541,45,140.84,4,AMER,pro,6.58,12,0
CUST-00542,61,54.71,0,LATAM,enterprise,8.18,12,0
CUST-00543,14,211.2,1,AMER,pro,4.35,24,0
CUST-00544,2,173.26,0,AMER,basic,9.37,12,0
CUST-00545,31,153.46,3,AMER,basic,7.8,1,0
CUST-00546,13,103.51,3,AMER,basic,7.93,12,0
CUST-00547,63,115.89,0,AMER,enterprise,6.3,12,0
CUST-00548,62,145.25,2,AMER,pro,7.1,12,0
CUST-00549,27,138.96,1,AMER,pro,,24,0
CUST-00550,22,42.55,1,AMER,enterprise,8.04,12,0
CUST-00551,51,154.17,1,APAC,pro,4.56,1,0
CUST-00552,33,254.47,4,AMER,basic,8.78,12,0
CUST-00553,7,34.8,1,AMER,enterprise,8.0,12,0
CUST-00554,48,165.89,1,EMEA,pro,10.0,24,0
CUST-00555,52,137.03,1,EMEA,basic,6.93,12,0
CUST-00556,5,114.85,0,EMEA,pro,6.83,1,1
CUST-00557,56,183.32,4,AMER,basic,7.35,1,0
CUST-00558,38,65.39,2,AMER,pro,7.07,24,0
CUST-00559,59,127.52,0,EMEA,pro,6.8,24,0
CUST-00560,61,187.59,0,AMER,enterprise,4.97,12,0
CUST-00561,48,110.91,3,APAC,basic,,12,0
CUST-00562,24,100.68,1,AMER,pro,5.96,12,0
CUST-00563,27,125.31,0,AMER,basic,6.46,12,0
CUST-00564,52,99.45,1,AMER,enterprise,4.82,1,0
CUST-00565,5,191.51,1,AMER,basic,4.86,12,1
CUST-00566,17,78.07,1,AMER,enterprise,6.48,24,0
CUST-00567,37,160.36,3,EMEA,enterprise,8.36,12,0
CUST-00568,67,62.1,1,AMER,pro,6.65,1,0
CUST-00569,54,150.94,1,LATAM,pro,8.25,1,0
CUST-00570,58,115.15,0,AMER,pro,,1,0
CUST-00571,14,10.0,0,LATAM,enterprise,8.41,12,0
CUST-00572,20,119.72,0,AMER,basic,6.22,12,0
CUST-00573,19,70.64,1,EMEA,enterprise,6.26,12,1
CUST-00574,54,99.44,2,LATAM,basic,3.57,1,0
CUST-00575,39,191.17,2,APAC,basic,5.74,12,0
CUST-00576,15,68.31,2,LATAM,enterprise,7.86,12,0
CUST-00577,54,70.95,1,EMEA,basic,5.0,24,0
CUST-00578,46,186.64,1,AMER,basic,,12,0
CUST-00579,64,125.36,2,EMEA,pro,9.64,12,0
CUST-00580,40,191.31,2,EMEA,pro,6.32,24,0
CUST-00581,9,134.97,1,AMER,basic,8.69,12,0
CUST-00582,64,79.18,2,AMER,pro,4.39,12,0
CUST-00583,14,,1,LATAM,basic,5.07,12,1
CUST-00584,4,176.89,3,APAC,basic,6.32,1,1
CUST-00585,57,163.54,1,APAC,basic,7.02,12,0
CUST-00586,32,120.04,1,AMER,basic,6.66,1,0
CUST-00587,46,122.26,0,LATAM,basic,5.41,1,0
CUST-00588,10,114.79,1,AMER,basic,,1,0
CUST-00589,52,93.24,3,AMER,basic,7.54,12,0
CUST-00590,29,209.36,0,AMER,enterprise,7.53,12,0
CUST-00591,71,120.33,1,AMER,basic,8.25,12,0
CUST-00592,46,,0,AMER,basic,7.32,12,0
CUST-00593,67,97.93,1,APAC,enterprise,6.57,1,0
CUST-00594,57,153.61,0,APAC,pro,5.98,1,0
CUST-00595,60,149.68,2,AMER,enterprise,3.99,1,1
CUST-00596,7,113.66,2,EMEA,basic,9.75,24,0
CUST-00597,56,89.07,0,APAC,pro,5.31,1,0
CUST-00598,43,121.11,1,AMER,basic,3.94,12,1
CUST-00599,29,42.57,0,EMEA,enterprise,5.52,12,0
CUST-00600,23,59.77,3,AMER,basic,4.06,1,1
CUST-00601,46,156.96,2,EMEA,enterprise,10.0,24,0
CUST-00602,15,97.83,0,AMER,basic,7.67,12,1
CUST-00603,14,137.35,0,APAC,pro,9.59,12,1
CUST-00604,63,176.37,1,AMER,pro,9.67,12,0
CUST-00605,54,150.06,3,AMER,pro,8.04,12,0
CUST-00606,42,120.95,3,LATAM,basic,8.05,12,0
CUST-00607,54,218.46,1,AMER,enterprise,5.67,1,0
CUST-00608,23,150.89,1,EMEA,basic,6.85,24,0
CUST-00609,52,103.6,0,APAC,basic,5.89,12,0
CUST-00610,15,,2,AMER,pro,7.08,24,0
CUST-00611,32,138.87,0,LATAM,basic,5.71,24,0
CUST-00612,11,80.4,2,AMER,pro,9.33,12,0
CUST-00613,27,123.38,1,AMER,pro,8.4,12,0
CUST-00614,25,112.37,1,AMER,basic,6.8,1,1
CUST-00615,30,29.03,2,APAC,basic,3.93,12,1
CUST-00616,34,112.02,1,AMER,basic,8.26,12,0
CUST-00617,3,106.9,2,APAC,pro,8.62,24,1
CUST-00618,25,99.72,1,EMEA,pro,6.87,12,0
CUST-00619,60,43.9,1,LATAM,enterprise,4.68,24,0
CUST-00620,31,103.59,2,AMER,basic,7.79,1,0
CUST-00621,39,118.16,1,APAC,basic,8.93,1,0
CUST-00622,8,124.72,4,LATAM,pro,3.48,1,1
CUST-00623,28,67.47,2,APAC,pro,8.04,12,0
CUST-00624,69,149.26,0,AMER,pro,3.67,1,0
CUST-00625,39,63.76,2,LATAM,basic,7.14,1,0
CUST-00626,2,109.65,2,APAC,basic,10.0,12,0
CUST-00627,52,180.37,2,AMER,pro,7.17,12,0
CUST-00628,55,87.97,3,LATAM,enterprise,7.88,12,0
CUST-00629,28,96.37,0,AMER,basic,6.41,24,0
CUST-00630,3,169.65,4,AMER,pro,,1,1
CUST-00631,59,,4,AMER,pro,10.0,12,0
CUST-00632,18,106.26,2,EMEA,enterprise,9.45,24,0
CUST-00633,66,130.23,2,EMEA,basic,6.42,12,0
CUST-00634,26,168.53,3,AMER,basic,6.3,12,1
CUST-00635,28,18.09,3,EMEA,basic,7.03,12,0
CUST-00636,57,81.7,0,APAC,basic,10.0,12,0
CUST-00637,10,73.43,1,AMER,pro,7.38,12,0
CUST-00638,3,69.85,3,EMEA,basic,9.04,12,1
CUST-00639,54,80.5,3,AMER,enterprise,6.33,1,0
CUST-00640,66,81.23,2,EMEA,basic,4.66,12,0
CUST-00641,71,133.91,3,AMER,pro,9.43,24,0
CUST-00642,10,78.95,3,AMER,basic,6.86,12,0
CUST-00643,11,125.65,2,AMER,pro,5.56,12,0
CUST-00644,25,138.51,2,EMEA,basic,5.73,1,1
CUST-00645,51,86.34,1,EMEA,basic,5.77,24,0
CUST-00646,65,126.02,4,EMEA,basic,5.89,1,0
CUST-00647,59,195.49,0,AMER,basic,4.18,12,0
CUST-00648,27,134.85,1,LATAM,basic,9.2,1,0
CUST-00649,66,90.62,1,AMER,enterprise,7.7,12,0
CUST-00650,19,117.01,3,AMER,enterprise,8.79,12,0
CUST-00651,9,77.79,3,EMEA,pro,6.37,1,0
CUST-00652,31,,2,AMER,basic,7.64,12,1
CUST-00653,7,159.71,2,AMER,enterprise,,1,0
CUST-00654,49,82.29,0,EMEA,pro,9.15,1,0
CUST-00655,71,110.37,2,APAC,pro,8.49,12,0
CUST-00656,8,171.18,0,APAC,pro,7.66,24,0
CUST-00657,9,97.12,0,AMER,basic,5.81,24,0
CUST-00658,13,128.64,1,EMEA,basic,4.8,12,1
CUST-00659,13,72.92,0,AMER,basic,5.53,1,1
CUST-00660,38,82.34,0,APAC,basic,,1,0
CUST-00661,41,96.44,0,EMEA,basic,6.01,12,0
CUST-00662,68,217.93,1,LATAM,enterprise,4.73,1,0
CUST-00663,32,101.59,0,AMER,basic,,12,0
CUST-00664,66,96.15,3,EMEA,pro,7.49,12,0
CUST-00665,54,94.66,0,APAC,basic,3.31,12,0
CUST-00666,61,112.55,1,AMER,enterprise,5.0,1,0
CUST-00667,14,149.52,2,APAC,pro,4.55,24,1
CUST-00668,33,128.53,2,APAC,basic,7.44,12,0
CUST-00669,65,212.6,1,APAC,basic,8.95,1,0
CUST-00670,54,129.62,2,AMER,pro,5.19,24,0
CUST-00671,16,185.13,0,APAC,basic,8.13,12,0
CUST-00672,61,132.45,1,EMEA,basic,6.49,12,0
CUST-00673,55,147.25,0,AMER,basic,9.1,12,0
CUST-00674,11,55.04,2,AMER,basic,9.5,24,0
CUST-00675,5,114.28,2,APAC,pro,7.57,12,1
CUST-00676,19,116.9,0,AMER,pro,8.31,24,0
CUST-00677,34,109.07,0,AMER,pro,,24,0
CUST-00678,11,23.12,2,AMER,basic,6.32,12,0
CUST-00679,3,159.63,3,EMEA,pro,4.87,24,1
CUST-00680,8,102.58,1,AMER,pro,7.6,24,0
CUST-00681,23,100.29,1,AMER,basic,6.87,1,1
CUST-00682,28,108.52,1,EMEA,basic,6.3,12,0
CUST-00683,23,109.74,2,APAC,pro,6.86,24,0
CUST-00684,32,138.32,0,EMEA,pro,6.66,12,0
CUST-00685,52,62.8,2,LATAM,basic,5.1,12,0
CUST-00686,18,78.1,1,AMER,pro,6.04,12,0
CUST-00687,33,,1,AMER,basic,9.09,24,0
CUST-00688,52,126.55,1,AMER,pro,6.57,12,1
CUST-00689,5,103.05,1,AMER,basic,9.55,1,1
CUST-00690,67,94.17,2,AMER,enterprise,4.89,12,0
CUST-00691,71,,2,APAC,pro,4.53,24,0
CUST-00692,21,117.37,0,AMER,basic,7.23,1,0
CUST-00693,64,,2,EMEA,enterprise,8.42,1,0
CUST-00694,18,72.39,1,EMEA,pro,5.8,1,0
CUST-00695,66,188.55,2,LATAM,pro,8.14,1,0
CUST-00696,47,157.98,1,AMER,pro,8.7,1,0
CUST-00697,18,99.62,0,EMEA,pro,,1,0
CUST-00698,5,155.24,0,AMER,enterprise,6.8,1,1
CUST-00699,28,54.03,2,APAC,pro,6.91,1,0
CUST-00700,53,42.08,1,AMER,basic,3.99,12,0
CUST-00701,17,,0,AMER,basic,7.04,12,0
CUST-00702,37,101.56,1,EMEA,enterprise,7.51,12,0
CUST-00703,9,105.36,0,AMER,pro,9.58,24,0
CUST-00704,31,96.82,1,AMER,pro,4.68,1,1
CUST-00705,3,124.47,0,AMER,basic,5.46,24,0
CUST-00706,71,23.92,1,AMER,enterprise,5.17,1,0
CUST-00707,36,142.29,2,APAC,basic,8.64,12,0
CUST-00708,60,56.13,1,EMEA,basic,2.39,1,0
CUST-00709,9,90.26,2,EMEA,basic,5.03,12,1
CUST-00710,12,101.42,1,EMEA,enterprise,10.0,12,0
CUST-00711,13,67.97,1,AMER,pro,8.2,24,0
CUST-00712,41,58.31,4,EMEA,pro,4.58,1,1
CUST-00713,62,74.73,0,EMEA,basic,6.89,1,0
CUST-00714,44,119.46,0,LATAM,basic,8.54,12,0
CUST-00715,35,146.55,2,AMER,basic,8.0,12,0
CUST-00716,67,145.39,4,AMER,basic,6.6,12,0
CUST-00717,14,75.25,1,AMER,basic,5.56,12,0
CUST-00718,12,84.38,2,AMER,pro,8.52,12,0
CUST-00719,48,78.57,1,EMEA,basic,6.99,24,0
CUST-00720,61,140.24,2,EMEA,enterprise,8.47,1,0
CUST-00721,19,28.32,3,APAC,enterprise,7.72,12,0
CUST-00722,19,175.73,1,EMEA,pro,6.15,24,0
CUST-00723,38,98.18,2,AMER,basic,9.62,1,0
CUST-00724,56,84.74,2,AMER,basic,6.09,12,0
CUST-00725,21,135.28,2,AMER,basic,7.78,24,0
CUST-00726,59,166.47,1,AMER,pro,5.85,1,0
CUST-00727,37,135.42,1,EMEA,basic,6.58,12,1
CUST-00728,51,167.37,3,APAC,enterprise,6.55,12,0
CUST-00729,45,126.05,2,AMER,basic,5.8,24,0
CUST-00730,35,175.33,3,EMEA,enterprise,7.43,24,1
CUST-00731,39,176.03,2,AMER,basic,9.38,24,0
CUST-00732,71,115.52,6,APAC,pro,10.0,12,0
CUST-00733,29,184.76,4,EMEA,basic,9.61,24,0
CUST-00734,68,127.41,0,AMER,pro,6.69,12,0
CUST-00735,57,123.91,0,EMEA,basic,9.65,12,0
CUST-00736,13,,0,AMER,basic,7.76,12,0
CUST-00737,63,107.0,3,AMER,basic,10.0,12,0
CUST-00738,28,154.99,0,EMEA,basic,4.71,12,0
CUST-00739,13,60.93,2,EMEA,pro,9.69,12,0
CUST-00740,18,149.23,1,LATAM,basic,5.91,1,0
CUST-00741,10,135.69,3,LATAM,pro,9.1,24,0
CUST-00742,25,132.49,3,APAC,pro,6.15,12,0
CUST-00743,9,20.71,2,EMEA,pro,8.66,24,0
CUST-00744,39,115.35,2,LATAM,basic,6.49,1,0
CUST-00745,70,149.17,0,AMER,basic,,12,0
CUST-00746,69,85.67,3,APAC,pro,5.24,24,0
CUST-00747,67,124.06,3,AMER,basic,6.56,12,0
CUST-00748,18,12.99,2,APAC,basic,7.04,24,1
CUST-00749,17,150.21,1,AMER,basic,2.94,24,1
CUST-00750,49,90.19,0,EMEA,basic,4.83,12,0
CUST-00751,69,159.21,2,AMER,pro,5.67,1,0
CUST-00752,59,37.07,1,AMER,basic,6.62,12,0
CUST-00753,15,151.15,1,EMEA,basic,7.4,12,0
CUST-00754,53,109.34,1,AMER,basic,5.51,12,0
CUST-00755,36,156.34,0,EMEA,enterprise,4.25,1,0
CUST-00756,32,78.34,0,EMEA,basic,7.55,12,0
CUST-00757,36,92.17,1,AMER,basic,6.4,12,1
CUST-00758,39,220.91,2,EMEA,basic,8.61,12,0
CUST-00759,65,82.65,1,EMEA,basic,6.05,12,0
CUST-00760,57,88.23,1,AMER,basic,8.17,12,0
CUST-00761,3,107.55,1,APAC,pro,5.38,24,0
CUST-00762,55,73.98,0,APAC,enterprise,7.49,12,0
CUST-00763,23,173.57,4,LATAM,basic,7.16,24,0
CUST-00764,24,197.63,1,LATAM,enterprise,7.82,1,0
CUST-00765,43,88.32,1,AMER,basic,5.31,12,0
CUST-00766,70,42.33,1,EMEA,basic,6.78,12,0
CUST-00767,5,172.74,2,EMEA,pro,5.46,1,0
CUST-00768,37,169.88,1,AMER,basic,6.71,1,0
CUST-00769,17,156.97,0,APAC,enterprise,8.13,1,0
CUST-00770,65,172.04,2,AMER,basic,10.0,12,0
CUST-00771,34,80.96,1,EMEA,basic,7.06,24,0
CUST-00772,61,112.42,1,EMEA,enterprise,8.3,12,0
CUST-00773,63,57.72,0,EMEA,enterprise,7.21,12,0
CUST-00774,8,,3,AMER,basic,,1,1
CUST-00775,55,164.15,1,APAC,basic,7.84,12,0
CUST-00776,57,89.76,2,AMER,pro,8.9,1,0
CUST-00777,59,222.58,2,EMEA,basic,7.65,12,0
CUST-00778,71,123.34,5,AMER,enterprise,10.0,24,0
CUST-00779,55,91.18,0,LATAM,basic,9.5,12,0
CUST-00780,60,155.9,0,LATAM,enterprise,3.92,12,0
CUST-00781,51,,4,APAC,pro,7.55,12,0
CUST-00782,21,141.88,1,APAC,pro,7.14,1,0
CUST-00783,61,65.23,3,APAC,pro,3.01,12,0
CUST-00784,50,136.7,0,EMEA,basic,5.44,24,0
CUST-00785,49,181.9,3,APAC,basic,,12,0
CUST-00786,70,97.8,2,LATAM,basic,5.67,1,0
CUST-00787,53,85.19,1,AMER,pro,7.24,1,0
CUST-00788,25,165.74,0,APAC,basic,3.76,24,0
CUST-00789,22,126.3,0,AMER,basic,8.36,12,0
CUST-00790,24,70.39,1,EMEA,enterprise,8.41,24,0
CUST-00791,12,102.91,2,AMER,basic,,1,0
CUST-00792,6,86.0,1,EMEA,enterprise,6.41,12,0
CUST-00793,54,133.33,1,EMEA,basic,7.02,12,0
CUST-00794,56,124.94,2,LATAM,pro,6.17,12,0
CUST-00795,12,171.77,1,APAC,pro,9.08,12,0
CUST-00796,28,151.93,3,AMER,pro,7.92,1,0
CUST-00797,66,49.64,2,AMER,enterprise,10.0,24,0
CUST-00798,60,138.31,2,AMER,pro,6.34,1,0
CUST-00799,43,160.36,2,APAC,enterprise,9.63,12,0
CUST-00800,69,140.51,2,AMER,pro,5.97,12,0
CUST-00801,24,166.35,0,LATAM,basic,6.7,12,0
CUST-00802,60,95.27,0,AMER,basic,5.12,12,0
CUST-00803,67,77.21,3,LATAM,basic,7.96,12,0
CUST-00804,43,161.85,0,APAC,pro,6.9,12,0
CUST-00805,12,72.05,1,APAC,enterprise,8.13,1,0
CUST-00806,21,22.82,3,EMEA,pro,9.7,12,1
CUST-00807,37,166.14,1,APAC,basic,6.91,1,0
CUST-00808,20,87.41,1,AMER,basic,7.7,1,0
CUST-00809,7,106.23,2,APAC,basic,8.64,1,1
CUST-00810,13,57.09,3,APAC,basic,6.9,1,0
CUST-00811,69,60.35,3,EMEA,basic,6.02,1,0
CUST-00812,28,67.95,0,EMEA,basic,7.66,1,0
CUST-00813,41,103.77,6,AMER,enterprise,7.92,12,0
CUST-00814,32,136.65,2,EMEA,basic,8.42,12,0
CUST-00815,58,16.6,0,EMEA,enterprise,8.52,1,0
CUST-00816,8,153.85,1,AMER,basic,5.8,1,0
CUST-00817,21,66.81,4,AMER,basic,7.82,12,1
CUST-00818,42,72.02,3,LATAM,pro,9.24,12,0
CUST-00819,57,150.5,1,APAC,basic,,12,0
CUST-00820,33,116.64,2,AMER,basic,7.67,1,0
CUST-00821,50,50.86,4,EMEA,basic,5.89,12,0
CUST-00822,57,203.01,2,EMEA,pro,,1,0
CUST-00823,46,81.27,1,LATAM,enterprise,10.0,12,0
CUST-00824,59,131.13,0,EMEA,basic,7.33,1,0
CUST-00825,68,129.0,1,APAC,basic,5.27,12,0
CUST-00826,16,183.51,2,APAC,pro,7.64,12,0
CUST-00827,31,99.49,3,AMER,pro,7.4,24,0
CUST-00828,17,165.36,1,EMEA,basic,9.03,12,0
CUST-00829,30,86.61,1,LATAM,basic,4.54,12,0
CUST-00830,1,170.5,2,APAC,basic,5.36,1,0
CUST-00831,50,,2,LATAM,pro,6.87,1,0
CUST-00832,17,103.7,0,AMER,enterprise,4.21,12,1
CUST-00833,60,205.32,3,APAC,basic,9.06,12,0
CUST-00834,52,,2,AMER,enterprise,,24,0
CUST-00835,24,124.94,3,APAC,basic,5.51,24,0
CUST-00836,33,220.89,1,APAC,basic,4.35,24,0
CUST-00837,48,136.26,0,AMER,basic,5.83,12,1
CUST-00838,30,83.27,1,EMEA,basic,,12,0
CUST-00839,15,153.06,2,EMEA,basic,8.1,12,1
CUST-00840,4,66.82,5,LATAM,basic,8.69,24,0
CUST-00841,40,170.77,1,EMEA,basic,8.1,24,0
CUST-00842,38,174.27,0,AMER,basic,3.35,12,0
CUST-00843,55,94.22,1,EMEA,pro,7.56,1,0
CUST-00844,10,91.74,1,AMER,basic,3.68,12,1
CUST-00845,5,127.94,0,AMER,pro,6.11,12,1
CUST-00846,53,120.64,1,EMEA,basic,6.31,24,0
CUST-00847,52,76.0,0,EMEA,basic,6.03,12,0
CUST-00848,57,145.56,2,AMER,basic,7.9,12,0
CUST-00849,2,28.12,2,AMER,enterprise,5.55,12,0
CUST-00850,47,100.52,2,AMER,basic,10.0,12,0
CUST-00851,69,101.82,1,AMER,pro,8.09,1,0
CUST-00852,55,107.7,0,EMEA,pro,9.14,12,0
CUST-00853,34,133.83,1,AMER,basic,8.38,12,0
CUST-00854,34,64.74,0,AMER,basic,,12,0
CUST-00855,30,146.48,1,AMER,pro,6.94,1,0
CUST-00856,4,111.89,0,APAC,basic,10.0,12,0
CUST-00857,52,90.74,0,LATAM,basic,5.12,12,0
CUST-00858,39,58.49,1,APAC,basic,7.85,12,0
CUST-00859,38,66.76,3,AMER,pro,7.02,24,0
CUST-00860,67,136.21,4,APAC,pro,6.61,12,0
CUST-00861,52,76.63,3,APAC,basic,7.59,24,0
CUST-00862,69,122.89,0,APAC,basic,5.66,24,0
CUST-00863,7,167.79,1,APAC,pro,8.58,1,0
CUST-00864,68,166.47,2,AMER,pro,8.43,12,0
CUST-00865,40,190.22,0,EMEA,basic,7.19,12,0
CUST-00866,29,106.67,2,EMEA,pro,8.35,12,0
CUST-00867,40,71.17,1,AMER,basic,5.14,1,0
CUST-00868,3,165.92,0,EMEA,pro,3.75,12,1
CUST-00869,67,133.93,1,AMER,pro,5.97,12,0
CUST-00870,45,170.58,1,LATAM,basic,6.59,1,0
CUST-00871,3,120.5,0,EMEA,enterprise,10.0,12,0
CUST-00872,65,173.8,3,APAC,enterprise,6.6,12,0
CUST-00873,33,158.09,2,AMER,basic,8.88,1,0
CUST-00874,9,152.24,1,APAC,pro,8.54,1,0
CUST-00875,45,142.66,0,APAC,basic,10.0,1,0
CUST-00876,5,137.9,3,EMEA,basic,7.23,12,0
CUST-00877,40,130.49,0,AMER,basic,8.19,24,0
CUST-00878,55,130.17,1,EMEA,basic,6.67,12,0
CUST-00879,6,164.56,0,EMEA,pro,5.46,12,1
CUST-00880,57,96.96,0,EMEA,pro,5.2,12,0
CUST-00881,43,198.11,1,AMER,enterprise,5.6,24,0
CUST-00882,24,115.22,3,EMEA,basic,9.59,24,0
CUST-00883,16,164.34,1,APAC,basic,7.53,12,0
CUST-00884,1,115.94,2,AMER,basic,6.74,12,1
CUST-00885,14,108.9,0,APAC,basic,7.05,12,0
CUST-00886,21,211.45,1,AMER,pro,6.0,1,0
CUST-00887,63,106.08,4,EMEA,pro,6.96,12,0
CUST-00888,37,62.53,0,AMER,pro,6.94,1,0
CUST-00889,15,87.87,2,EMEA,basic,8.19,12,0
CUST-00890,53,105.72,0,AMER,basic,8.66,12,0
CUST-00891,33,216.98,4,AMER,pro,4.07,12,1
CUST-00892,60,,1,AMER,pro,7.44,1,0
CUST-00893,54,162.06,1,LATAM,enterprise,9.5,12,0
CUST-00894,67,74.93,1,EMEA,basic,5.18,1,0
CUST-00895,51,135.87,0,LATAM,basic,6.57,12,0
CUST-00896,8,150.22,1,EMEA,basic,7.32,12,0
CUST-00897,40,201.07,1,APAC,pro,9.0,1,0
CUST-00898,31,88.67,1,EMEA,basic,8.09,24,0
CUST-00899,58,147.16,2,LATAM,pro,6.62,24,0
CUST-00900,11,133.62,0,EMEA,pro,7.92,12,0
CUST-00901,34,74.02,0,AMER,basic,8.89,24,0
CUST-00902,59,119.12,0,AMER,basic,7.72,24,0
CUST-00903,45,108.14,4,AMER,pro,10.0,12,0
CUST-00904,3,15.36,0,AMER,pro,7.78,12,0
CUST-00905,59,146.94,1,EMEA,enterprise,5.13,12,0
CUST-00906,27,144.31,4,AMER,pro,5.61,1,1
CUST-00907,49,100.25,0,APAC,basic,6.78,24,0
CUST-00908,47,59.76,4,AMER,basic,6.65,12,0
CUST-00909,46,186.59,1,LATAM,enterprise,8.14,24,0
CUST-00910,30,131.97,3,AMER,pro,7.66,12,0
CUST-00911,29,165.75,4,AMER,basic,10.0,1,0
CUST-00912,8,183.46,0,AMER,basic,8.48,1,0
CUST-00913,40,96.56,0,AMER,basic,9.7,1,0
CUST-00914,21,156.55,3,EMEA,pro,5.65,1,1
CUST-00915,29,,1,APAC,pro,6.25,12,0
CUST-00916,12,117.19,4,AMER,enterprise,8.26,12,1
CUST-00917,53,116.15,3,AMER,pro,7.19,12,0
CUST-00918,66,119.94,3,AMER,basic,8.15,12,0
CUST-00919,28,170.13,1,APAC,enterprise,7.47,24,0
CUST-00920,31,125.57,1,AMER,basic,5.91,12,0
CUST-00921,34,113.08,1,EMEA,pro,10.0,1,0
CUST-00922,6,107.56,2,APAC,basic,9.08,12,0
CUST-00923,54,135.36,1,AMER,basic,4.22,12,0
CUST-00924,63,79.73,1,AMER,pro,,1,1
CUST-00925,36,97.38,2,AMER,basic,7.07,12,0
CUST-00926,5,117.65,0,LATAM,enterprise,8.25,12,0
CUST-00927,25,94.54,3,AMER,pro,6.9,1,0
CUST-00928,12,114.67,2,APAC,enterprise,4.57,1,1
CUST-00929,59,92.52,1,AMER,pro,8.52,1,0
CUST-00930,57,,1,AMER,pro,6.65,12,0
CUST-00931,28,179.81,2,APAC,pro,9.2,1,1
CUST-00932,27,140.25,5,EMEA,basic,7.57,1,1
CUST-00933,60,117.59,4,AMER,basic,8.83,12,0
CUST-00934,7,218.58,1,APAC,enterprise,8.53,1,0
CUST-00935,56,134.53,3,AMER,pro,8.62,1,0
CUST-00936,69,116.09,0,APAC,pro,6.12,12,0
CUST-00937,32,133.64,4,EMEA,basic,8.88,1,0
CUST-00938,54,133.77,3,LATAM,basic,7.4,12,0
CUST-00939,51,183.46,3,EMEA,pro,4.79,12,0
CUST-00940,64,119.15,2,EMEA,basic,6.32,12,0
CUST-00941,3,214.47,0,APAC,pro,6.43,24,0
CUST-00942,51,80.31,0,EMEA,basic,7.88,1,0
CUST-00943,28,151.23,1,AMER,basic,8.27,1,0
CUST-00944,62,74.92,2,EMEA,pro,5.03,12,0
CUST-00945,62,201.77,3,AMER,enterprise,8.34,24,0
CUST-00946,21,105.12,1,EMEA,basic,6.92,12,0
CUST-00947,42,117.38,1,LATAM,enterprise,5.14,12,0
CUST-00948,36,161.59,1,EMEA,pro,8.54,12,0
CUST-00949,40,176.49,1,APAC,basic,5.67,1,1
CUST-00950,60,69.97,4,AMER,basic,4.89,12,0
CUST-00951,48,104.42,1,AMER,enterprise,8.4,12,0
CUST-00952,54,57.23,1,AMER,pro,8.66,24,0
CUST-00953,49,126.18,1,AMER,pro,5.85,12,0
CUST-00954,18,115.44,1,AMER,basic,,12,0
CUST-00955,42,104.3,2,AMER,basic,8.84,1,0
CUST-00956,27,89.2,2,AMER,basic,6.11,12,0
CUST-00957,30,102.63,0,EMEA,pro,10.0,1,0
CUST-00958,8,86.41,2,APAC,basic,6.94,12,0
CUST-00959,14,143.8,1,APAC,enterprise,7.45,1,0
CUST-00960,25,188.22,2,APAC,pro,2.76,12,0
CUST-00961,21,33.12,0,APAC,basic,8.19,1,0
CUST-00962,46,114.78,0,APAC,basic,5.93,12,0
CUST-00963,21,101.18,1,EMEA,enterprise,7.84,1,1
CUST-00964,18,142.16,3,EMEA,pro,3.97,24,0
CUST-00965,31,77.17,0,AMER,pro,9.12,12,0
CUST-00966,41,113.41,1,AMER,basic,9.66,12,0
CUST-00967,71,73.22,1,APAC,enterprise,10.0,12,0
CUST-00968,37,151.35,0,AMER,pro,1.74,12,0
CUST-00969,26,124.47,2,APAC,basic,8.11,12,0
CUST-00970,23,112.73,1,AMER,pro,7.67,12,0
CUST-00971,32,136.66,3,AMER,basic,1.62,12,1
CUST-00972,66,108.91,3,APAC,enterprise,5.74,12,0
CUST-00973,27,50.08,0,APAC,basic,6.9,12,0
CUST-00974,18,146.81,0,LATAM,basic,9.61,12,0
CUST-00975,42,132.97,3,EMEA,pro,5.56,24,1
CUST-00976,55,113.07,3,LATAM,basic,7.43,12,0
CUST-00977,68,164.32,0,EMEA,enterprise,6.96,1,0
CUST-00978,20,174.83,0,AMER,pro,7.72,24,0
CUST-00979,64,70.85,2,EMEA,pro,6.35,1,0
CUST-00980,61,84.85,1,EMEA,basic,8.67,24,0
CUST-00981,27,189.63,1,APAC,basic,8.81,24,0
CUST-00982,24,183.85,2,APAC,basic,4.62,12,0
CUST-00983,19,86.77,2,LATAM,basic,9.08,12,1
CUST-00984,23,66.87,1,EMEA,basic,5.72,1,0
CUST-00985,63,91.31,4,EMEA,basic,6.57,12,0
CUST-00986,23,97.58,1,EMEA,pro,9.09,12,0
CUST-00987,36,48.72,1,LATAM,pro,7.25,1,1
CUST-00988,67,121.4,3,AMER,basic,8.1,12,0
CUST-00989,49,62.39,1,AMER,basic,8.49,12,0
CUST-00990,10,65.53,1,AMER,basic,8.15,12,0
CUST-00991,6,161.22,1,EMEA,basic,6.11,12,1
CUST-00992,16,89.26,1,APAC,basic,5.37,12,1
CUST-00993,62,116.78,2,LATAM,pro,8.3,12,0
CUST-00994,17,148.31,2,EMEA,enterprise,8.44,12,0
CUST-00995,23,156.6,1,APAC,pro,7.72,12,0
CUST-00996,39,104.83,4,APAC,basic,6.74,24,0
CUST-00997,36,121.99,1,APAC,pro,8.62,24,0
CUST-00998,6,82.86,1,EMEA,basic,7.03,24,1
CUST-00999,15,198.63,0,LATAM,basic,4.62,1,0
CUST-01000,71,149.25,0,APAC,basic,7.59,1,0
CUST-01001,30,70.35,1,AMER,pro,7.99,1,0
CUST-01002,20,120.18,1,AMER,pro,8.48,1,0
CUST-01003,59,152.11,2,LATAM,basic,5.48,12,0
CUST-01004,34,,4,EMEA,enterprise,5.74,1,1
CUST-01005,59,202.31,2,AMER,basic,7.69,12,0
CUST-01006,12,181.75,1,LATAM,pro,6.29,1,1
CUST-01007,34,95.73,3,AMER,pro,6.97,12,0
CUST-01008,58,115.99,0,EMEA,basic,8.78,12,0
CUST-01009,55,62.33,2,AMER,basic,7.8,1,0
CUST-01010,49,131.23,0,AMER,pro,10.0,12,0
CUST-01011,33,126.8,1,AMER,pro,7.62,12,0
CUST-01012,59,241.66,0,AMER,pro,10.0,1,0
CUST-01013,27,124.39,0,AMER,pro,9.01,12,0
CUST-01014,47,25.8,0,AMER,basic,10.0,1,0
CUST-01015,39,89.76,0,EMEA,basic,7.14,24,0
CUST-01016,22,125.06,0,AMER,enterprise,6.96,12,0
CUST-01017,15,63.48,0,APAC,basic,9.46,12,0
CUST-01018,38,80.98,2,LATAM,basic,6.2,12,0
CUST-01019,23,103.55,2,APAC,pro,6.29,24,0
CUST-01020,37,135.38,0,APAC,basic,7.57,24,0
CUST-01021,51,112.56,0,APAC,enterprise,7.8,12,0
CUST-01022,57,79.98,4,AMER,pro,4.62,12,0
CUST-01023,55,155.45,1,LATAM,basic,7.59,24,0
CUST-01024,37,95.72,2,EMEA,basic,6.58,12,0
CUST-01025,5,97.53,1,EMEA,pro,7.09,12,0
CUST-01026,13,57.92,3,EMEA,pro,,24,0
CUST-01027,53,84.63,0,AMER,basic,6.8,24,0
CUST-01028,43,149.33,1,EMEA,basic,9.07,1,0
CUST-01029,59,47.21,0,AMER,basic,8.02,12,0
CUST-01030,35,116.8,2,LATAM,pro,6.81,1,0
CUST-01031,32,152.3,2,EMEA,basic,7.29,24,0
CUST-01032,18,103.03,0,AMER,basic,9.02,1,0
CUST-01033,5,130.79,2,LATAM,enterprise,8.56,12,1
CUST-01034,11,69.74,1,EMEA,pro,9.43,12,0
CUST-01035,49,178.96,1,APAC,pro,6.91,1,0
CUST-01036,42,169.55,0,APAC,pro,7.41,12,0
CUST-01037,18,130.6,1,EMEA,pro,10.0,12,0
CUST-01038,26,41.02,1,EMEA,basic,7.1,1,0
CUST-01039,46,72.93,0,AMER,pro,10.0,12,0
CUST-01040,28,163.95,1,AMER,pro,8.68,12,0
CUST-01041,27,197.09,2,EMEA,basic,6.41,12,0
CUST-01042,20,133.35,2,AMER,basic,4.67,24,0
CUST-01043,46,176.13,1,AMER,basic,8.31,24,0
CUST-01044,64,92.65,2,APAC,pro,5.92,1,0
CUST-01045,19,111.48,1,LATAM,basic,5.91,12,0
CUST-01046,21,120.05,0,APAC,basic,4.08,1,1
CUST-01047,34,139.04,1,AMER,pro,9.3,24,0
CUST-01048,14,51.2,3,LATAM,enterprise,7.36,24,0
CUST-01049,38,162.33,0,AMER,basic,7.23,12,0
CUST-01050,63,179.51,0,LATAM,basic,7.89,1,0
CUST-01051,45,68.31,2,APAC,enterprise,7.62,24,0
CUST-01052,12,59.01,0,LATAM,basic,7.35,12,0
CUST-01053,15,135.78,0,LATAM,basic,8.11,12,0
CUST-01054,6,90.56,2,EMEA,enterprise,,12,1
CUST-01055,69,13.31,1,AMER,basic,,24,0
CUST-01056,25,156.39,1,LATAM,basic,8.51,12,0
CUST-01057,21,127.0,3,AMER,enterprise,7.95,12,0
CUST-01058,61,98.55,2,AMER,pro,7.23,1,0
CUST-01059,22,215.1,2,EMEA,pro,10.0,24,0
CUST-01060,17,126.25,1,AMER,basic,4.69,12,0
CUST-01061,19,86.1,2,EMEA,pro,2.01,1,1
CUST-01062,29,124.55,2,AMER,basic,9.85,12,0
CUST-01063,5,73.2,0,EMEA,basic,7.93,1,0
CUST-01064,46,85.72,1,LATAM,basic,4.25,12,0
CUST-01065,31,137.39,1,LATAM,basic,6.46,12,0
CUST-01066,69,95.06,1,LATAM,basic,8.3,1,0
CUST-01067,55,99.71,2,APAC,basic,5.02,1,0
CUST-01068,28,195.1,1,APAC,basic,8.18,24,0
CUST-01069,51,158.68,3,EMEA,enterprise,10.0,12,0
CUST-01070,58,156.13,1,APAC,basic,9.67,12,0
CUST-01071,14,143.8,1,AMER,pro,7.13,24,1
CUST-01072,12,141.79,1,AMER,basic,7.77,1,1
CUST-01073,10,185.55,2,AMER,basic,5.49,12,1
CUST-01074,4,119.12,0,EMEA,basic,7.42,1,0
CUST-01075,23,203.5,0,AMER,enterprise,6.59,24,0
CUST-01076,57,77.19,1,APAC,basic,5.41,24,0
CUST-01077,55,108.52,0,AMER,pro,4.79,12,0
CUST-01078,27,57.96,0,EMEA,pro,10.0,12,0
CUST-01079,35,104.53,2,EMEA,enterprise,7.34,12,0
CUST-01080,55,143.33,2,EMEA,pro,5.36,12,0
CUST-01081,66,185.31,4,APAC,basic,,12,0
CUST-01082,20,90.15,4,APAC,enterprise,9.85,1,0
CUST-01083,47,120.24,1,EMEA,pro,10.0,12,0
CUST-01084,43,103.84,1,EMEA,pro,6.09,12,0
CUST-01085,45,86.76,3,AMER,enterprise,7.54,12,0
CUST-01086,57,66.48,3,EMEA,basic,8.78,12,0
CUST-01087,55,122.73,2,AMER,pro,6.57,12,0
CUST-01088,29,42.06,4,LATAM,pro,5.09,12,0
CUST-01089,54,124.97,1,LATAM,pro,5.44,24,0
CUST-01090,4,120.94,0,AMER,basic,7.21,1,0
CUST-01091,25,90.4,4,AMER,enterprise,5.81,12,0
CUST-01092,16,74.51,6,AMER,basic,4.87,12,1
CUST-01093,19,57.71,0,EMEA,basic,6.76,12,0
CUST-01094,65,204.21,0,EMEA,pro,8.85,1,0
CUST-01095,32,59.61,1,AMER,enterprise,8.41,12,0
CUST-01096,6,190.1,1,EMEA,basic,6.78,12,0
CUST-01097,35,147.01,3,EMEA,basic,10.0,1,0
CUST-01098,5,103.62,3,EMEA,pro,5.78,12,1
CUST-01099,11,67.93,2,AMER,pro,7.05,12,0
CUST-01100,28,166.91,4,EMEA,basic,4.74,1,1
CUST-01101,32,197.83,0,AMER,basic,8.57,24,0
CUST-01102,17,77.97,0,APAC,pro,6.96,12,0
CUST-01103,46,106.56,0,EMEA,pro,4.18,1,0
CUST-01104,36,167.32,0,AMER,basic,5.7,24,0
CUST-01105,10,135.11,0,EMEA,basic,10.0,1,0
CUST-01106,59,210.0,2,APAC,pro,8.47,24,0
CUST-01107,10,94.34,1,AMER,basic,7.38,12,0
CUST-01108,26,144.4,3,EMEA,basic,8.73,1,0
CUST-01109,13,63.71,2,LATAM,basic,4.33,1,1
CUST-01110,67,214.32,0,APAC,basic,5.7,1,0
CUST-01111,21,87.13,2,AMER,basic,4.81,12,1
CUST-01112,62,20.64,2,AMER,basic,5.7,12,0
CUST-01113,69,114.34,1,APAC,basic,6.49,12,0
CUST-01114,16,113.73,1,AMER,pro,8.12,12,0
CUST-01115,2,206.2,0,AMER,basic,8.98,12,0
CUST-01116,1,104.75,3,EMEA,basic,8.93,24,0
CUST-01117,14,119.43,1,EMEA,enterprise,10.0,1,0
CUST-01118,29,146.7,1,EMEA,basic,6.29,1,0
CUST-01119,12,191.38,1,APAC,enterprise,7.14,12,1
CUST-01120,68,117.15,1,APAC,basic,8.08,24,0
CUST-01121,34,166.78,1,AMER,pro,5.69,1,1
CUST-01122,61,143.31,3,AMER,basic,6.66,24,0
CUST-01123,2,106.67,2,APAC,enterprise,7.9,1,0
CUST-01124,10,,2,AMER,enterprise,5.59,24,0
CUST-01125,33,121.29,2,APAC,pro,8.01,12,0
CUST-01126,12,,1,APAC,basic,,24,0
CUST-01127,12,174.62,2,APAC,pro,5.18,12,1
CUST-01128,2,57.65,2,EMEA,pro,3.09,12,1
CUST-01129,20,172.7,0,AMER,pro,7.32,12,1
CUST-01130,55,162.95,1,APAC,pro,5.31,1,0
CUST-01131,57,115.81,0,EMEA,basic,7.48,1,0
CUST-01132,37,85.56,2,AMER,pro,6.36,12,0
CUST-01133,14,109.81,0,AMER,basic,7.71,1,0
CUST-01134,32,141.27,4,AMER,pro,9.19,1,1
CUST-01135,44,153.44,2,AMER,basic,8.62,1,0
CUST-01136,11,132.91,3,AMER,basic,6.52,1,0
CUST-01137,29,164.65,3,APAC,basic,5.07,24,0
CUST-01138,59,94.92,2,LATAM,enterprise,2.72,12,0
CUST-01139,30,130.56,1,LATAM,basic,3.27,12,1
CUST-01140,34,49.42,4,EMEA,basic,5.73,24,0
CUST-01141,58,154.36,1,EMEA,basic,7.33,1,0
CUST-01142,48,126.89,1,AMER,basic,5.94,24,0
CUST-01143,12,101.3,4,AMER,basic,6.08,12,1
CUST-01144,44,172.27,1,APAC,basic,4.28,12,0
CUST-01145,66,151.12,0,EMEA,basic,4.19,24,0
CUST-01146,16,10.0,0,EMEA,basic,4.05,12,1
CUST-01147,64,121.79,2,APAC,basic,8.23,1,0
CUST-01148,42,54.52,0,APAC,basic,3.58,1,0
CUST-01149,48,168.0,2,APAC,pro,8.32,12,0
CUST-01150,24,232.01,3,AMER,enterprise,5.49,1,0
CUST-01151,4,96.67,2,EMEA,basic,8.06,1,0
CUST-01152,2,123.36,1,APAC,basic,7.52,24,1
CUST-01153,48,108.7,0,APAC,pro,8.44,24,0
CUST-01154,70,135.79,0,LATAM,basic,9.21,12,0
CUST-01155,43,149.0,2,EMEA,basic,5.68,12,0
CUST-01156,26,,2,EMEA,pro,5.33,12,1
CUST-01157,55,75.57,2,AMER,basic,6.28,12,0
CUST-01158,68,190.72,2,EMEA,basic,5.68,24,0
CUST-01159,16,78.08,2,EMEA,basic,8.23,12,0
CUST-01160,8,132.47,2,LATAM,enterprise,6.84,1,0
CUST-01161,68,172.14,1,APAC,basic,7.05,1,0
CUST-01162,4,152.09,0,AMER,enterprise,7.78,24,0
CUST-01163,63,77.76,0,AMER,pro,6.19,12,0
CUST-01164,11,88.41,0,AMER,pro,9.0,24,0
CUST-01165,9,99.2,1,APAC,pro,3.74,24,0
CUST-01166,20,,3,AMER,pro,7.44,12,0
CUST-01167,23,171.61,1,APAC,enterprise,7.92,1,0
CUST-01168,24,61.87,4,EMEA,basic,5.65,12,1
CUST-01169,3,141.0,1,APAC,basic,5.78,1,0
CUST-01170,61,147.45,3,AMER,pro,8.63,1,0
CUST-01171,59,145.12,1,EMEA,basic,6.44,1,0
CUST-01172,49,140.98,3,AMER,pro,3.58,12,0
CUST-01173,65,188.32,1,EMEA,basic,4.6,12,0
CUST-01174,67,141.95,2,APAC,enterprise,8.81,12,0
CUST-01175,71,158.56,2,EMEA,pro,5.43,24,0
CUST-01176,27,145.36,0,EMEA,pro,9.35,1,1
CUST-01177,44,200.69,0,LATAM,basic,9.46,12,0
CUST-01178,55,34.51,1,APAC,basic,6.65,12,0
CUST-01179,48,177.69,2,AMER,basic,7.98,12,1
CUST-01180,57,108.25,2,LATAM,enterprise,5.52,12,0
CUST-01181,49,107.37,1,APAC,basic,6.28,1,0
CUST-01182,28,76.37,3,AMER,pro,5.75,12,1
CUST-01183,41,35.91,3,AMER,pro,8.06,1,0
CUST-01184,15,102.81,1,EMEA,pro,4.7,24,1
CUST-01185,68,89.07,1,EMEA,pro,6.76,12,0
CUST-01186,64,142.24,0,EMEA,basic,7.09,24,0
CUST-01187,44,53.75,3,AMER,basic,,12,0
CUST-01188,55,184.42,1,APAC,basic,3.2,1,1
CUST-01189,24,132.24,0,APAC,pro,3.79,12,1
CUST-01190,28,108.84,1,EMEA,pro,5.42,12,0
CUST-01191,37,88.08,1,AMER,basic,6.59,12,0
CUST-01192,19,84.58,1,LATAM,enterprise,7.24,12,0
CUST-01193,2,69.15,3,LATAM,basic,7.33,12,1
CUST-01194,29,95.5,3,AMER,basic,10.0,1,0
CUST-01195,52,120.27,3,EMEA,pro,8.16,24,0
CUST-01196,19,112.02,2,EMEA,pro,8.04,12,1
CUST-01197,50,56.35,0,AMER,pro,6.11,24,0
CUST-01198,43,108.04,0,EMEA,pro,8.39,24,0
CUST-01199,30,79.81,0,EMEA,basic,,12,0
CUST-01200,52,127.19,0,AMER,basic,8.18,1,0
CUST-01201,61,203.91,3,AMER,basic,6.78,12,0
CUST-01202,68,148.13,2,APAC,basic,8.1,12,0
CUST-01203,54,,1,EMEA,pro,9.71,1,0
CUST-01204,7,46.88,3,AMER,enterprise,5.55,1,0
CUST-01205,24,56.34,1,AMER,enterprise,3.12,24,1
CUST-01206,38,44.1,3,AMER,basic,8.45,12,1
CUST-01207,6,152.67,2,LATAM,basic,8.29,12,0
CUST-01208,30,85.57,0,APAC,enterprise,6.56,1,0
CUST-01209,10,122.82,0,AMER,pro,6.18,12,0
CUST-01210,40,92.01,3,EMEA,basic,10.0,24,0
CUST-01211,14,124.1,1,AMER,basic,6.15,1,1
CUST-01212,20,183.08,2,LATAM,pro,4.8,24,0
CUST-01213,22,89.18,1,LATAM,basic,6.12,1,1
CUST-01214,70,,2,AMER,basic,7.87,1,0
CUST-01215,32,83.71,0,AMER,basic,5.88,12,0
CUST-01216,40,159.36,2,AMER,pro,6.28,1,1
CUST-01217,66,73.84,4,AMER,pro,7.52,24,0
CUST-01218,1,69.02,1,EMEA,pro,6.21,1,1
CUST-01219,20,57.56,1,AMER,pro,7.2,1,1
CUST-01220,31,56.62,1,AMER,pro,6.9,12,0
CUST-01221,64,141.19,1,AMER,pro,5.07,1,0
CUST-01222,52,235.61,2,EMEA,pro,7.1,1,0
CUST-01223,49,75.21,1,APAC,pro,4.9,12,0
CUST-01224,27,162.82,4,AMER,pro,8.64,12,0
CUST-01225,61,131.3,1,EMEA,enterprise,5.3,12,0
CUST-01226,14,70.41,1,EMEA,basic,6.54,24,0
CUST-01227,29,107.55,5,EMEA,basic,3.72,1,1
CUST-01228,26,109.52,5,EMEA,pro,6.17,24,0
CUST-01229,1,88.92,2,APAC,basic,4.74,12,1
CUST-01230,7,206.88,7,AMER,enterprise,9.64,24,1
CUST-01231,56,34.22,0,APAC,basic,6.75,1,0
CUST-01232,68,137.15,4,EMEA,pro,7.9,12,0
CUST-01233,18,134.92,3,AMER,pro,3.84,1,0
CUST-01234,6,93.92,2,EMEA,basic,4.75,1,1
CUST-01235,11,126.73,1,AMER,basic,6.66,12,1
CUST-01236,5,159.49,1,EMEA,basic,4.54,12,0
CUST-01237,57,126.87,1,AMER,basic,9.0,12,0
CUST-01238,4,,3,EMEA,basic,,1,0
CUST-01239,49,151.18,0,EMEA,basic,7.23,12,0
CUST-01240,57,28.56,2,APAC,basic,7.5,24,0
CUST-01241,16,186.53,2,AMER,pro,6.69,1,1
CUST-01242,17,222.52,1,EMEA,pro,8.34,12,0
CUST-01243,19,164.14,1,AMER,basic,5.76,24,0
CUST-01244,54,165.61,1,APAC,pro,7.61,12,0
CUST-01245,67,56.63,4,AMER,basic,9.09,12,0
CUST-01246,54,114.67,1,AMER,pro,,1,0
CUST-01247,20,83.46,2,AMER,enterprise,7.18,1,0
CUST-01248,51,93.58,1,EMEA,pro,6.37,24,0
CUST-01249,50,163.52,1,AMER,basic,7.06,12,0
CUST-01250,31,83.82,3,EMEA,basic,8.16,1,0
CUST-01251,10,114.15,1,AMER,pro,6.52,24,0
CUST-01252,23,34.11,1,EMEA,pro,3.96,24,0
CUST-01253,58,112.87,3,APAC,basic,7.25,12,0
CUST-01254,37,124.05,0,LATAM,pro,6.69,1,0
CUST-01255,9,88.28,2,AMER,enterprise,7.79,12,1
CUST-01256,65,87.61,0,LATAM,pro,7.03,24,0
CUST-01257,37,204.89,0,EMEA,basic,9.75,1,0
CUST-01258,25,65.56,2,APAC,enterprise,4.82,24,0
CUST-01259,3,,3,LATAM,basic,5.23,12,1
CUST-01260,41,83.59,1,AMER,basic,8.11,12,0
CUST-01261,40,173.95,2,AMER,basic,5.13,12,0
CUST-01262,11,214.57,3,APAC,enterprise,7.53,1,0
CUST-01263,61,134.95,1,EMEA,pro,6.92,12,0
CUST-01264,36,87.72,0,APAC,basic,3.47,12,0
CUST-01265,6,100.75,2,APAC,basic,8.14,1,0
CUST-01266,14,167.92,1,LATAM,enterprise,9.38,1,1
CUST-01267,20,79.0,0,EMEA,basic,7.32,1,0
CUST-01268,54,185.38,1,AMER,pro,4.47,12,0
CUST-01269,55,183.75,2,LATAM,pro,8.35,12,0
CUST-01270,59,123.16,2,AMER,pro,,1,0
CUST-01271,44,149.08,0,AMER,pro,6.74,12,0
CUST-01272,65,153.74,3,AMER,basic,7.68,1,0
CUST-01273,23,189.94,0,AMER,pro,5.57,24,0
CUST-01274,42,72.68,2,AMER,enterprise,3.95,1,1
CUST-01275,45,173.15,1,EMEA,pro,6.7,1,0
CUST-01276,27,103.11,3,LATAM,pro,6.87,12,0
CUST-01277,33,85.45,4,AMER,pro,5.44,12,0
CUST-01278,51,124.62,4,AMER,basic,5.57,24,0
CUST-01279,62,110.35,2,EMEA,basic,8.26,12,0
CUST-01280,66,75.56,1,AMER,pro,6.79,12,0
CUST-01281,21,48.12,2,EMEA,pro,6.12,12,0
CUST-01282,51,77.61,2,LATAM,basic,5.89,12,0
CUST-01283,54,185.36,0,AMER,enterprise,7.24,12,0
CUST-01284,67,208.32,1,EMEA,basic,7.11,12,0
CUST-01285,46,149.26,3,AMER,basic,6.64,1,0
CUST-01286,15,173.37,0,APAC,basic,4.49,24,1
CUST-01287,53,96.74,4,AMER,enterprise,6.29,12,0
CUST-01288,13,,1,APAC,pro,,12,0
CUST-01289,27,132.72,0,EMEA,basic,7.06,1,1
CUST-01290,35,71.34,2,LATAM,basic,8.98,12,0
CUST-01291,52,75.45,2,AMER,enterprise,8.62,12,0
CUST-01292,12,124.37,1,EMEA,basic,8.07,12,0
CUST-01293,50,105.59,2,AMER,pro,7.14,12,0
CUST-01294,11,72.14,3,AMER,pro,6.37,24,0
CUST-01295,28,137.39,2,EMEA,enterprise,7.53,24,0
CUST-01296,9,108.15,2,APAC,pro,6.1,12,1
CUST-01297,2,165.96,0,EMEA,basic,6.34,24,0
CUST-01298,24,119.77,3,APAC,pro,5.46,12,1
CUST-01299,69,106.49,0,APAC,enterprise,6.84,12,0
CUST-01300,40,125.75,0,AMER,basic,6.8,24,0
CUST-01301,51,112.26,0,AMER,basic,10.0,1,0
CUST-01302,17,89.94,2,APAC,basic,7.91,12,0
CUST-01303,15,101.91,1,APAC,pro,6.28,12,0
CUST-01304,65,153.72,3,EMEA,enterprise,8.3,24,0
CUST-01305,52,149.09,1,EMEA,basic,6.11,1,0
CUST-01306,35,177.88,1,EMEA,basic,8.71,1,0
CUST-01307,20,43.82,0,AMER,basic,8.3,24,0
CUST-01308,62,102.31,1,AMER,basic,10.0,12,0
CUST-01309,34,101.34,1,AMER,basic,5.04,1,0
CUST-01310,4,127.73,1,AMER,basic,6.81,12,0
CUST-01311,62,99.65,1,AMER,pro,6.74,12,0
CUST-01312,30,96.91,2,APAC,basic,7.46,12,0
CUST-01313,32,155.23,2,APAC,enterprise,8.18,1,0
CUST-01314,28,128.01,0,APAC,pro,5.23,1,0
CUST-01315,21,67.51,1,EMEA,pro,5.67,24,0
CUST-01316,43,180.05,2,LATAM,pro,7.47,12,0
CUST-01317,22,164.85,0,AMER,basic,8.63,24,0
CUST-01318,37,94.17,2,EMEA,pro,4.98,12,1
CUST-01319,6,157.41,1,EMEA,basic,4.23,1,1
CUST-01320,60,86.92,3,LATAM,pro,8.94,1,0
CUST-01321,16,170.66,1,AMER,enterprise,8.41,12,0
CUST-01322,43,110.2,3,AMER,basic,8.83,12,0
CUST-01323,20,83.87,2,APAC,basic,5.24,24,1
CUST-01324,14,103.21,3,APAC,basic,6.59,12,0
CUST-01325,13,85.54,3,APAC,pro,7.33,1,1
CUST-01326,51,128.65,1,APAC,pro,7.71,1,0
CUST-01327,5,127.88,1,AMER,pro,6.73,24,0
CUST-01328,57,121.61,2,EMEA,pro,6.85,12,0
CUST-01329,34,94.95,2,EMEA,basic,8.7,12,0
CUST-01330,33,10.0,4,LATAM,pro,6.18,24,1
CUST-01331,16,124.18,0,AMER,basic,,12,0
CUST-01332,26,34.67,1,AMER,basic,6.19,12,1
CUST-01333,53,130.99,1,AMER,enterprise,6.05,12,0
CUST-01334,64,170.89,2,EMEA,pro,7.17,12,0
CUST-01335,66,132.32,2,LATAM,pro,6.58,12,0
CUST-01336,45,102.48,1,EMEA,basic,6.18,12,0
CUST-01337,20,111.91,2,APAC,pro,9.41,12,0
CUST-01338,6,114.01,1,EMEA,basic,7.46,1,0
CUST-01339,41,95.28,2,AMER,pro,,1,0
CUST-01340,40,93.73,1,LATAM,basic,9.13,12,0
CUST-01341,36,78.42,2,EMEA,pro,5.98,12,0
CUST-01342,38,173.47,3,AMER,pro,6.94,1,0
CUST-01343,6,119.3,2,APAC,enterprise,6.78,24,0
CUST-01344,28,163.03,2,AMER,pro,5.94,12,1
CUST-01345,9,108.75,2,AMER,pro,6.27,12,1
CUST-01346,61,123.25,0,EMEA,basic,7.08,24,0
CUST-01347,63,112.33,2,APAC,pro,4.46,12,0
CUST-01348,59,140.83,1,AMER,basic,6.26,12,0
CUST-01349,34,157.2,2,EMEA,enterprise,7.37,1,1
CUST-01350,57,130.79,1,AMER,enterprise,7.42,1,0
CUST-01351,58,89.68,3,EMEA,basic,7.45,12,0
CUST-01352,25,84.9,4,EMEA,pro,10.0,12,0
CUST-01353,5,194.66,0,EMEA,basic,8.09,12,0
CUST-01354,60,107.4,3,EMEA,pro,6.69,12,0
CUST-01355,43,106.9,0,EMEA,enterprise,6.73,1,0
CUST-01356,32,185.93,1,LATAM,basic,6.93,24,0
CUST-01357,62,168.95,4,AMER,pro,,12,0
CUST-01358,68,,0,EMEA,pro,6.43,12,0
CUST-01359,62,102.03,1,AMER,enterprise,9.53,1,0
CUST-01360,1,225.89,1,AMER,basic,5.04,12,1
CUST-01361,1,137.68,0,AMER,pro,8.02,12,0
CUST-01362,35,144.61,4,LATAM,pro,7.8,1,0
CUST-01363,38,112.3,4,AMER,pro,4.97,1,1
CUST-01364,17,56.36,0,LATAM,enterprise,8.02,1,0
CUST-01365,27,59.94,0,AMER,pro,7.89,12,0
CUST-01366,41,138.31,1,EMEA,basic,5.84,24,0
CUST-01367,54,137.63,2,EMEA,pro,10.0,12,0
CUST-01368,54,109.2,1,EMEA,pro,8.16,12,0
CUST-01369,6,,2,APAC,pro,6.37,24,0
CUST-01370,28,55.13,2,AMER,pro,6.12,12,0
CUST-01371,19,105.25,2,APAC,basic,5.66,24,0
CUST-01372,21,54.47,1,AMER,basic,,12,0
CUST-01373,58,160.45,4,AMER,basic,7.04,1,1
CUST-01374,31,171.87,0,APAC,pro,4.51,12,0
CUST-01375,34,247.31,2,EMEA,basic,5.15,1,1
CUST-01376,70,,0,LATAM,pro,5.71,12,0
CUST-01377,33,93.32,4,APAC,pro,6.24,1,0
CUST-01378,54,80.78,4,EMEA,basic,6.31,12,0
CUST-01379,69,10.0,0,AMER,basic,5.79,12,0
CUST-01380,70,93.23,1,AMER,pro,8.03,12,0
CUST-01381,23,112.04,1,AMER,basic,8.56,12,1
CUST-01382,29,163.55,2,APAC,pro,7.06,12,0
CUST-01383,3,147.52,2,APAC,basic,3.17,1,1
CUST-01384,54,146.48,2,AMER,enterprise,6.66,24,0
CUST-01385,28,129.61,1,EMEA,basic,,24,0
CUST-01386,1,149.74,2,APAC,pro,6.8,12,0
CUST-01387,11,185.14,2,EMEA,pro,7.4,12,1
CUST-01388,13,72.08,2,EMEA,basic,7.11,12,0
CUST-01389,6,99.42,1,LATAM,pro,4.38,1,1
CUST-01390,5,57.52,0,EMEA,basic,2.6,1,1
CUST-01391,41,192.84,2,AMER,enterprise,8.0,12,0
CUST-01392,17,178.36,3,EMEA,basic,6.04,1,1
CUST-01393,68,153.85,3,AMER,basic,7.64,12,0
CUST-01394,41,66.07,1,AMER,pro,6.41,12,0
CUST-01395,42,127.78,0,EMEA,pro,6.64,12,0
CUST-01396,38,109.44,3,AMER,pro,9.27,24,0
CUST-01397,46,123.64,1,EMEA,basic,4.88,1,0
CUST-01398,56,111.53,0,EMEA,basic,6.91,1,0
CUST-01399,23,143.4,1,APAC,basic,,12,1
CUST-01400,44,102.23,2,AMER,pro,7.05,12,0
CUST-01401,41,158.46,1,AMER,basic,7.74,24,0
CUST-01402,49,130.86,2,APAC,enterprise,8.04,1,0
CUST-01403,54,106.81,3,AMER,basic,7.19,1,1
CUST-01404,55,114.97,3,EMEA,basic,4.57,12,0
CUST-01405,42,100.17,1,AMER,basic,7.35,1,0
CUST-01406,6,156.62,0,AMER,basic,,1,0
CUST-01407,57,107.78,2,AMER,basic,8.63,1,0
CUST-01408,69,133.27,2,EMEA,enterprise,10.0,12,0
CUST-01409,40,102.34,1,EMEA,pro,7.89,24,0
CUST-01410,32,53.17,3,AMER,basic,,12,0
CUST-01411,15,160.77,0,AMER,basic,6.04,12,1
CUST-01412,33,72.38,5,EMEA,basic,7.08,1,0
CUST-01413,42,150.56,1,EMEA,basic,8.72,12,0
CUST-01414,56,138.91,4,AMER,pro,4.98,1,0
CUST-01415,35,45.48,4,AMER,basic,8.49,1,0
CUST-01416,13,77.49,1,EMEA,pro,8.04,12,0
CUST-01417,12,,3,EMEA,basic,5.44,12,0
CUST-01418,38,83.07,2,LATAM,pro,7.97,12,0
CUST-01419,44,66.81,2,EMEA,pro,5.63,1,1
CUST-01420,63,153.3,2,AMER,basic,6.92,1,0
CUST-01421,59,109.22,0,EMEA,pro,6.41,24,0
CUST-01422,42,137.36,1,AMER,enterprise,7.34,12,0
CUST-01423,10,100.63,1,AMER,basic,,1,1
CUST-01424,59,133.74,4,AMER,enterprise,7.83,24,0
CUST-01425,39,86.2,1,EMEA,pro,3.22,1,0
CUST-01426,60,118.81,1,AMER,pro,6.24,12,0
CUST-01427,53,146.18,1,LATAM,pro,5.96,12,1
CUST-01428,23,122.03,2,AMER,basic,9.62,24,0
CUST-01429,29,99.43,2,LATAM,basic,7.85,24,0
CUST-01430,30,71.1,2,LATAM,enterprise,6.1,24,0
CUST-01431,20,127.54,3,EMEA,enterprise,,12,0
CUST-01432,55,135.52,3,EMEA,basic,6.99,24,0
CUST-01433,27,108.37,1,AMER,pro,5.86,1,0
CUST-01434,50,85.38,3,APAC,basic,10.0,12,0
CUST-01435,39,144.42,1,AMER,basic,2.19,12,1
CUST-01436,30,231.68,1,AMER,pro,7.04,12,0
CUST-01437,49,106.39,2,AMER,pro,2.73,24,0
CUST-01438,13,135.15,0,EMEA,basic,8.7,1,0
CUST-01439,40,136.98,2,AMER,pro,5.56,12,0
CUST-01440,11,10.0,4,LATAM,basic,,12,0
CUST-01441,8,125.57,2,EMEA,basic,6.0,1,0
CUST-01442,59,88.21,1,AMER,basic,8.78,12,0
CUST-01443,59,182.31,1,AMER,basic,7.28,24,0
CUST-01444,48,108.57,1,AMER,pro,8.95,1,0
CUST-01445,66,85.01,1,AMER,pro,6.97,24,0
CUST-01446,44,110.17,2,AMER,basic,1.85,12,1
CUST-01447,8,127.5,1,APAC,pro,5.69,12,1
CUST-01448,28,94.8,1,AMER,basic,4.27,1,0
CUST-01449,18,117.63,2,APAC,basic,8.55,12,0
CUST-01450,52,59.06,2,LATAM,basic,7.85,12,0
CUST-01451,13,109.86,2,LATAM,basic,6.94,12,0
CUST-01452,43,154.91,3,AMER,pro,7.71,1,0
CUST-01453,61,208.61,3,APAC,enterprise,7.27,12,0
CUST-01454,14,151.79,3,EMEA,basic,5.96,24,0
CUST-01455,65,132.24,2,LATAM,pro,10.0,24,0
CUST-01456,50,173.27,3,AMER,pro,7.34,24,0
CUST-01457,4,165.86,2,EMEA,enterprise,6.6,1,0
CUST-01458,38,194.87,3,EMEA,pro,4.43,24,0
CUST-01459,24,168.72,2,AMER,enterprise,5.87,1,1
CUST-01460,50,114.7,2,EMEA,enterprise,6.95,1,0
CUST-01461,14,131.63,2,APAC,enterprise,6.63,12,0
CUST-01462,35,128.06,2,APAC,pro,6.12,24,0
CUST-01463,34,133.6,0,APAC,enterprise,6.85,1,0
CUST-01464,36,129.01,3,AMER,basic,5.01,1,0
CUST-01465,66,84.79,3,APAC,pro,6.95,12,0
CUST-01466,67,25.34,0,AMER,pro,4.29,24,0
CUST-01467,5,89.77,4,APAC,basic,5.46,12,1
CUST-01468,56,28.83,2,AMER,basic,5.67,1,0
CUST-01469,13,123.06,2,AMER,basic,8.42,12,0
CUST-01470,12,120.2,2,EMEA,basic,7.77,24,0
CUST-01471,35,44.6,0,EMEA,pro,7.06,1,0
CUST-01472,70,150.97,2,EMEA,pro,4.97,24,0
CUST-01473,38,159.01,0,APAC,enterprise,6.25,24,0
CUST-01474,42,124.31,1,AMER,basic,8.3,12,0
CUST-01475,53,195.04,1,AMER,basic,9.07,24,0
CUST-01476,34,204.22,4,APAC,pro,4.41,12,1
CUST-01477,32,65.73,1,AMER,enterprise,6.2,24,1
CUST-01478,50,166.65,0,APAC,basic,7.12,12,0
CUST-01479,11,139.84,0,AMER,basic,,1,0
CUST-01480,63,138.82,3,EMEA,basic,6.95,12,0
CUST-01481,26,162.05,2,AMER,basic,,12,1
CUST-01482,42,87.64,2,LATAM,enterprise,4.46,12,0
CUST-01483,70,93.34,1,AMER,enterprise,9.6,1,0
CUST-01484,55,82.8,2,EMEA,basic,4.98,1,0
CUST-01485,54,86.03,5,AMER,enterprise,7.04,1,1
CUST-01486,58,115.57,1,AMER,basic,7.83,12,0
CUST-01487,9,54.67,2,EMEA,pro,8.93,12,0
CUST-01488,32,72.94,0,EMEA,enterprise,8.49,12,0
CUST-01489,58,145.99,3,APAC,basic,,12,0
CUST-01490,19,116.81,2,LATAM,pro,9.13,12,0
CUST-01491,23,137.23,3,APAC,pro,6.68,12,0
CUST-01492,63,34.98,1,APAC,basic,8.23,12,0
CUST-01493,56,84.73,0,AMER,basic,9.58,12,0
CUST-01494,18,95.01,1,AMER,pro,5.65,12,0
CUST-01495,1,121.46,2,AMER,basic,4.55,12,1
CUST-01496,35,93.62,1,AMER,basic,5.23,24,0
CUST-01497,62,161.99,4,APAC,basic,9.37,24,0
CUST-01498,39,117.38,1,AMER,pro,9.08,24,0
CUST-01499,12,120.77,0,AMER,basic,6.34,1,0
CUST-01500,35,120.61,1,AMER,pro,7.37,12,0
CUST-01501,33,151.86,1,AMER,pro,7.76,1,0
CUST-01502,43,98.78,2,AMER,basic,8.75,24,0
CUST-01503,47,170.51,2,AMER,pro,3.73,12,0
CUST-01504,18,140.7,3,EMEA,basic,6.0,1,1
CUST-01505,37,,2,AMER,basic,6.51,1,0
CUST-01506,35,121.88,4,AMER,pro,7.5,12,0
CUST-01507,12,143.41,4,LATAM,basic,7.09,12,1
CUST-01508,36,165.69,4,APAC,pro,6.41,12,1
CUST-01509,10,162.55,2,APAC,enterprise,7.45,12,0
CUST-01510,14,136.91,0,AMER,basic,2.55,24,1
CUST-01511,21,159.45,2,LATAM,pro,10.0,12,0
CUST-01512,69,125.33,0,APAC,pro,8.37,12,0
CUST-01513,4,176.36,6,EMEA,basic,8.48,12,1
CUST-01514,61,118.8,2,AMER,basic,5.83,12,0
CUST-01515,16,26.62,3,APAC,pro,7.67,12,1
CUST-01516,68,180.2,1,AMER,pro,10.0,1,0
CUST-01517,10,124.85,0,EMEA,basic,10.0,12,0
CUST-01518,44,67.3,0,APAC,pro,7.09,12,0
CUST-01519,34,111.08,2,LATAM,pro,4.83,12,0
CUST-01520,17,80.23,0,LATAM,basic,7.24,1,0
CUST-01521,26,214.51,1,EMEA,basic,6.45,12,1
CUST-01522,29,142.4,0,AMER,enterprise,8.43,1,0
CUST-01523,42,49.41,1,AMER,basic,4.77,12,0
CUST-01524,53,144.58,4,AMER,pro,6.64,12,0
CUST-01525,20,102.06,0,EMEA,pro,7.43,12,0
CUST-01526,28,206.26,0,APAC,basic,6.16,24,0
CUST-01527,3,72.63,2,LATAM,basic,8.78,12,0
CUST-01528,19,18.88,0,AMER,basic,5.01,12,1
CUST-01529,24,122.96,1,AMER,pro,,24,1
CUST-01530,58,104.34,1,AMER,basic,6.37,12,0
CUST-01531,54,101.25,3,APAC,pro,8.4,1,0
CUST-01532,55,23.64,2,EMEA,pro,6.45,12,0
CUST-01533,19,139.21,1,AMER,pro,5.95,1,0
CUST-01534,16,195.3,3,EMEA,basic,8.36,12,1
CUST-01535,29,34.09,0,EMEA,pro,7.35,12,0
CUST-01536,31,172.71,0,APAC,enterprise,6.06,12,0
CUST-01537,54,94.41,0,AMER,basic,7.18,12,0
CUST-01538,62,225.71,1,EMEA,pro,6.56,1,0
CUST-01539,29,139.62,1,EMEA,basic,8.02,24,0
CUST-01540,16,111.55,0,AMER,pro,7.22,12,0
CUST-01541,63,169.74,0,AMER,pro,5.59,1,0
CUST-01542,39,143.67,0,AMER,pro,,12,0
CUST-01543,66,93.34,1,EMEA,enterprise,6.25,12,0
CUST-01544,28,151.96,0,EMEA,pro,7.61,1,0
CUST-01545,23,97.02,3,APAC,pro,7.62,12,1
CUST-01546,5,39.52,0,LATAM,basic,5.54,12,1
CUST-01547,53,211.42,5,AMER,pro,6.64,12,0
CUST-01548,36,104.27,2,LATAM,enterprise,,12,0
CUST-01549,18,92.59,3,EMEA,enterprise,8.86,24,0
CUST-01550,32,135.24,1,APAC,basic,7.4,12,0
CUST-01551,10,49.82,0,AMER,pro,10.0,1,0
CUST-01552,69,59.09,1,APAC,basic,7.01,1,0
CUST-01553,32,97.52,2,EMEA,basic,8.23,12,0
CUST-01554,22,96.61,0,AMER,basic,6.41,1,0
CUST-01555,43,123.24,0,APAC,basic,5.25,12,0
CUST-01556,57,170.52,0,AMER,pro,7.15,1,0
CUST-01557,67,98.67,1,EMEA,basic,7.8,24,0
CUST-01558,49,142.18,1,AMER,basic,7.53,12,0
CUST-01559,11,147.07,0,EMEA,enterprise,7.22,1,0
CUST-01560,30,71.22,1,AMER,basic,6.39,24,0
CUST-01561,51,130.28,2,EMEA,basic,5.55,12,0
CUST-01562,59,77.58,0,APAC,basic,6.45,12,0
CUST-01563,34,167.88,2,EMEA,basic,7.77,24,0
CUST-01564,61,140.48,0,APAC,pro,8.61,24,0
CUST-01565,10,120.74,2,AMER,pro,1.3,1,1
CUST-01566,25,59.71,3,EMEA,basic,8.02,24,0
CUST-01567,70,125.22,2,EMEA,pro,8.83,1,0
CUST-01568,14,85.48,1,LATAM,basic,,12,0
CUST-01569,50,151.77,3,AMER,basic,,12,0
CUST-01570,15,114.63,2,APAC,basic,8.12,1,1
CUST-01571,10,83.44,4,AMER,basic,6.2,12,0
CUST-01572,12,161.65,1,APAC,basic,6.82,1,0
CUST-01573,65,152.47,4,AMER,basic,7.87,24,0
CUST-01574,70,93.3,2,EMEA,basic,5.08,1,0
CUST-01575,8,172.29,2,AMER,basic,5.6,12,0
CUST-01576,51,106.57,0,APAC,basic,7.31,1,0
CUST-01577,7,106.09,1,AMER,pro,4.67,1,1
CUST-01578,59,125.57,0,AMER,basic,7.06,1,0
CUST-01579,24,86.13,2,APAC,pro,,12,0
CUST-01580,4,100.13,2,EMEA,pro,7.3,12,0
CUST-01581,67,112.78,0,APAC,basic,7.01,12,0
CUST-01582,66,188.86,4,APAC,basic,,12,0
CUST-01583,3,187.48,0,AMER,pro,5.34,12,1
CUST-01584,28,108.35,2,AMER,basic,6.09,12,0
CUST-01585,66,192.47,1,APAC,pro,3.1,1,1
CUST-01586,25,118.05,1,APAC,basic,6.28,12,0
CUST-01587,44,137.13,2,AMER,basic,7.17,24,0
CUST-01588,62,159.76,0,APAC,basic,9.04,24,0
CUST-01589,5,133.14,1,AMER,pro,,12,0
CUST-01590,35,228.68,4,APAC,pro,6.66,12,1
CUST-01591,41,130.95,4,EMEA,pro,9.36,24,0
CUST-01592,66,66.11,1,AMER,basic,9.96,12,0
CUST-01593,33,178.75,0,AMER,basic,6.12,1,0
CUST-01594,60,101.46,2,AMER,basic,8.77,1,0
CUST-01595,41,106.31,0,EMEA,basic,9.0,12,1
CUST-01596,31,10.0,1,EMEA,basic,7.86,1,0
CUST-01597,53,165.04,4,AMER,basic,,12,0
CUST-01598,61,156.83,2,AMER,pro,5.34,24,0
CUST-01599,49,155.96,1,EMEA,basic,7.96,12,0
CUST-01600,44,164.03,3,AMER,basic,10.0,12,0
CUST-01601,71,196.1,2,AMER,pro,6.66,24,0
CUST-01602,43,117.93,2,AMER,basic,9.67,12,0
CUST-01603,12,162.19,0,AMER,basic,,24,0
CUST-01604,66,86.53,1,APAC,pro,4.81,1,0
CUST-01605,58,104.08,1,AMER,basic,5.93,24,0
CUST-01606,27,167.55,0,EMEA,basic,9.57,1,0
CUST-01607,30,137.6,1,AMER,basic,8.65,1,0
CUST-01608,48,60.0,2,EMEA,pro,7.91,12,0
CUST-01609,56,136.26,2,LATAM,basic,6.95,12,0
CUST-01610,50,111.77,1,APAC,pro,8.05,1,0
CUST-01611,64,83.16,2,APAC,pro,5.88,12,0
CUST-01612,6,139.54,0,EMEA,basic,10.0,12,0
CUST-01613,71,101.8,1,EMEA,enterprise,4.98,12,0
CUST-01614,35,49.33,3,LATAM,pro,3.86,12,1
CUST-01615,19,70.0,2,AMER,basic,7.22,12,0
CUST-01616,16,199.61,0,EMEA,basic,9.46,12,0
CUST-01617,33,51.83,0,APAC,basic,6.12,12,1
CUST-01618,22,130.03,3,AMER,pro,6.87,12,1
CUST-01619,67,147.45,2,EMEA,basic,5.2,12,0
CUST-01620,36,148.76,0,AMER,basic,6.84,12,0
CUST-01621,68,64.85,1,EMEA,basic,5.21,1,1
CUST-01622,48,105.53,2,AMER,enterprise,5.23,12,0
CUST-01623,27,126.34,2,AMER,pro,4.42,12,1
CUST-01624,29,156.01,2,AMER,pro,6.02,24,0
CUST-01625,67,90.98,2,APAC,pro,10.0,12,0
CUST-01626,47,67.64,1,AMER,basic,6.87,1,0
CUST-01627,29,165.12,3,LATAM,basic,7.3,12,0
CUST-01628,54,169.73,4,APAC,basic,10.0,12,0
CUST-01629,27,136.65,0,LATAM,basic,5.87,12,1
CUST-01630,16,92.6,2,EMEA,enterprise,5.24,1,0
CUST-01631,54,138.3,0,AMER,basic,7.87,12,0
CUST-01632,7,124.92,1,AMER,basic,4.84,24,0
CUST-01633,34,157.69,0,AMER,pro,7.54,12,1
CUST-01634,30,63.79,0,AMER,basic,8.96,12,0
CUST-01635,32,125.23,1,EMEA,basic,5.1,12,0
CUST-01636,16,112.84,0,APAC,pro,6.06,24,1
CUST-01637,28,70.06,3,EMEA,basic,9.9,24,0
CUST-01638,9,129.7,1,AMER,basic,5.13,12,0
CUST-01639,31,121.57,1,APAC,basic,5.79,12,0
CUST-01640,53,101.53,3,LATAM,basic,7.38,1,0
CUST-01641,10,137.82,2,EMEA,pro,6.42,1,0
CUST-01642,11,56.15,2,AMER,enterprise,5.49,12,0
CUST-01643,5,117.59,1,APAC,pro,9.73,12,0
CUST-01644,60,139.41,0,EMEA,basic,5.96,1,0
CUST-01645,54,132.78,1,APAC,basic,7.54,12,0
CUST-01646,4,168.44,1,EMEA,pro,6.25,1,1
CUST-01647,41,65.95,4,APAC,pro,6.57,1,0
CUST-01648,34,52.15,4,AMER,pro,4.59,12,1
CUST-01649,48,130.76,1,EMEA,basic,8.57,24,0
CUST-01650,27,140.48,3,EMEA,basic,6.22,1,0
CUST-01651,57,215.39,2,APAC,basic,9.17,12,0
CUST-01652,37,147.75,0,AMER,basic,4.95,1,1
CUST-01653,17,80.67,0,EMEA,pro,6.13,24,0
CUST-01654,36,156.27,1,AMER,basic,7.79,1,0
CUST-01655,17,81.95,0,APAC,basic,7.16,1,1
CUST-01656,36,53.14,4,AMER,basic,5.83,24,1
CUST-01657,20,237.41,4,AMER,pro,6.73,12,1
CUST-01658,31,134.66,1,LATAM,pro,4.72,1,1
CUST-01659,22,152.17,0,APAC,pro,7.06,12,0
CUST-01660,38,145.36,1,AMER,basic,2.37,24,0
CUST-01661,55,201.54,0,AMER,pro,7.26,12,0
CUST-01662,49,132.78,0,EMEA,enterprise,9.31,12,0
CUST-01663,27,174.8,2,AMER,basic,8.51,12,0
CUST-01664,36,73.77,2,AMER,pro,8.44,1,0
CUST-01665,23,57.35,0,LATAM,pro,,24,0
CUST-01666,23,184.2,1,AMER,basic,7.81,12,0
CUST-01667,46,186.37,1,APAC,pro,6.27,12,0
CUST-01668,56,142.98,0,APAC,pro,6.81,12,0
CUST-01669,14,130.17,2,APAC,basic,6.79,24,0
CUST-01670,19,127.48,0,AMER,enterprise,1.13,1,1
CUST-01671,8,89.03,2,AMER,enterprise,8.57,1,1
CUST-01672,71,189.24,1,EMEA,basic,7.75,12,0
CUST-01673,50,149.65,2,LATAM,enterprise,8.42,12,0
CUST-01674,12,142.77,2,AMER,pro,5.32,1,0
CUST-01675,54,136.93,0,AMER,pro,8.17,24,0
CUST-01676,22,167.16,2,EMEA,pro,7.8,12,1
CUST-01677,22,,2,AMER,enterprise,3.1,12,1
CUST-01678,35,153.54,2,AMER,basic,3.91,12,0
CUST-01679,46,67.4,2,APAC,basic,7.06,12,0
CUST-01680,47,142.95,5,AMER,pro,,1,0
CUST-01681,3,218.42,1,EMEA,basic,6.94,12,1
CUST-01682,53,96.67,1,EMEA,pro,5.86,1,0
CUST-01683,29,114.2,3,AMER,basic,9.56,12,0
CUST-01684,66,160.14,2,AMER,enterprise,3.67,12,0
CUST-01685,42,163.08,1,LATAM,pro,4.6,1,1
CUST-01686,67,,1,APAC,pro,5.27,12,0
CUST-01687,18,47.21,1,APAC,pro,4.6,12,0
CUST-01688,48,142.58,4,EMEA,basic,5.96,1,1
CUST-01689,25,66.73,1,EMEA,pro,6.91,1,0
CUST-01690,61,82.89,1,AMER,pro,4.64,1,0
CUST-01691,44,144.66,0,AMER,basic,7.6,12,0
CUST-01692,54,106.69,1,AMER,basic,9.24,12,0
CUST-01693,42,156.43,4,EMEA,basic,8.86,1,0
CUST-01694,55,261.67,1,EMEA,basic,10.0,12,0
CUST-01695,11,154.97,1,AMER,pro,8.93,24,0
CUST-01696,17,152.53,2,AMER,basic,6.91,1,0
CUST-01697,51,79.69,2,EMEA,enterprise,10.0,12,0
CUST-01698,14,91.07,3,AMER,basic,8.19,12,1
CUST-01699,6,72.14,1,AMER,basic,10.0,1,0
CUST-01700,40,96.03,1,AMER,basic,6.64,24,0
CUST-01701,69,70.87,5,APAC,enterprise,3.33,12,0
CUST-01702,23,90.31,2,EMEA,basic,4.95,24,0
CUST-01703,15,110.61,2,EMEA,enterprise,7.28,24,1
CUST-01704,52,74.97,1,AMER,pro,7.93,1,0
CUST-01705,19,56.14,2,EMEA,basic,6.62,24,1
CUST-01706,56,58.73,4,AMER,basic,8.71,24,0
CUST-01707,15,140.43,3,AMER,basic,,1,0
CUST-01708,14,122.69,2,EMEA,pro,5.76,24,0
CUST-01709,71,166.17,0,AMER,pro,8.69,12,0
CUST-01710,43,167.0,0,EMEA,basic,7.07,1,0
CUST-01711,21,104.67,0,EMEA,pro,7.15,12,0
CUST-01712,33,150.15,1,AMER,pro,9.42,24,0
CUST-01713,43,55.18,1,AMER,pro,8.88,24,0
CUST-01714,4,222.74,1,EMEA,pro,5.61,24,0
CUST-01715,71,173.79,0,APAC,basic,7.33,12,0
CUST-01716,34,,0,AMER,basic,4.03,1,1
CUST-01717,68,67.66,1,EMEA,pro,6.97,12,0
CUST-01718,57,137.1,1,AMER,basic,7.66,1,0
CUST-01719,4,35.85,1,AMER,basic,3.98,12,0
CUST-01720,57,84.93,2,LATAM,pro,9.69,1,0
CUST-01721,38,153.69,0,EMEA,basic,10.0,12,0
CUST-01722,63,123.4,0,AMER,pro,,12,0
CUST-01723,43,97.91,3,EMEA,basic,,12,0
CUST-01724,20,162.78,2,LATAM,basic,9.59,12,0
CUST-01725,50,73.26,3,APAC,basic,6.69,24,0
CUST-01726,21,132.81,0,EMEA,enterprise,8.8,1,0
CUST-01727,24,97.6,5,EMEA,pro,7.66,12,0
CUST-01728,42,,2,EMEA,basic,4.34,12,0
CUST-01729,24,140.85,0,AMER,basic,5.43,12,1
CUST-01730,67,75.32,2,LATAM,basic,6.02,12,0
CUST-01731,1,,3,AMER,pro,8.85,12,1
CUST-01732,28,93.69,2,AMER,enterprise,7.17,1,0
CUST-01733,3,209.54,0,AMER,basic,8.71,1,1
CUST-01734,52,70.77,1,LATAM,enterprise,,24,0
CUST-01735,40,147.27,2,LATAM,basic,4.79,12,0
CUST-01736,11,66.02,1,EMEA,basic,10.0,12,0
CUST-01737,6,59.65,2,EMEA,basic,10.0,1,0
CUST-01738,53,127.19,2,EMEA,basic,7.67,12,0
CUST-01739,15,150.49,1,AMER,basic,6.66,1,0
CUST-01740,60,62.66,2,APAC,pro,9.06,12,0
CUST-01741,24,173.29,2,EMEA,basic,5.08,1,0
CUST-01742,39,84.11,0,APAC,pro,6.64,24,0
CUST-01743,6,125.91,3,EMEA,basic,4.52,12,0
CUST-01744,37,137.09,1,EMEA,pro,7.84,12,0
CUST-01745,3,146.76,1,EMEA,basic,7.43,12,1
CUST-01746,16,39.1,0,APAC,basic,6.31,12,0
CUST-01747,66,192.84,1,APAC,enterprise,5.88,12,0
CUST-01748,70,145.28,0,EMEA,pro,4.37,12,0
CUST-01749,31,100.85,2,AMER,pro,5.57,12,1
CUST-01750,65,73.91,0,AMER,pro,9.14,1,0
CUST-01751,15,43.77,3,AMER,basic,6.39,12,1
CUST-01752,42,58.74,1,APAC,pro,9.19,24,0
CUST-01753,51,144.52,1,EMEA,basic,5.5,12,0
CUST-01754,64,104.65,2,AMER,pro,6.86,1,0
CUST-01755,1,69.08,4,EMEA,pro,6.21,1,1
CUST-01756,43,96.29,1,APAC,enterprise,6.55,1,1
CUST-01757,18,190.39,0,LATAM,pro,8.34,12,0
CUST-01758,28,105.12,1,LATAM,pro,3.44,12,1
CUST-01759,69,93.7,0,APAC,basic,8.29,1,0
CUST-01760,47,180.78,2,AMER,basic,,24,0
CUST-01761,64,140.79,1,EMEA,basic,7.01,1,0
CUST-01762,14,121.99,2,APAC,enterprise,7.14,24,0
CUST-01763,46,92.65,0,EMEA,pro,6.62,12,1
CUST-01764,66,50.14,2,AMER,pro,8.2,24,0
CUST-01765,7,67.33,4,AMER,pro,7.1,1,1
CUST-01766,62,98.38,1,APAC,pro,5.54,12,0
CUST-01767,23,110.12,3,APAC,basic,7.27,1,1
CUST-01768,30,136.03,1,APAC,basic,8.66,1,0
CUST-01769,2,144.83,2,AMER,enterprise,7.65,12,0
CUST-01770,60,130.03,2,AMER,pro,7.06,12,0
CUST-01771,16,129.92,2,APAC,basic,7.36,1,1
CUST-01772,71,74.66,2,EMEA,enterprise,6.15,12,0
CUST-01773,2,23.04,3,EMEA,pro,6.21,24,1
CUST-01774,8,96.56,0,AMER,basic,,12,0
CUST-01775,9,77.06,2,AMER,basic,6.69,1,0
CUST-01776,49,90.63,1,APAC,enterprise,8.71,12,0
CUST-01777,45,107.65,3,APAC,enterprise,6.33,12,0
CUST-01778,15,64.04,2,AMER,basic,5.44,12,0
CUST-01779,8,70.03,0,APAC,pro,8.56,24,0
CUST-01780,19,115.49,3,AMER,basic,7.29,24,0
CUST-01781,12,125.21,1,EMEA,pro,7.25,1,0
CUST-01782,51,90.48,3,AMER,basic,7.82,1,0
CUST-01783,65,142.42,0,EMEA,pro,8.21,1,0
CUST-01784,31,110.12,0,AMER,basic,6.93,24,0
CUST-01785,24,74.1,0,AMER,basic,,24,0
CUST-01786,38,121.83,4,EMEA,basic,10.0,12,0
CUST-01787,24,204.71,1,EMEA,enterprise,7.1,12,1
CUST-01788,13,89.63,2,AMER,basic,5.67,1,0
CUST-01789,7,172.48,1,EMEA,basic,7.32,12,0
CUST-01790,47,182.0,1,AMER,basic,9.06,1,0
CUST-01791,57,187.42,2,LATAM,basic,4.56,12,0
CUST-01792,37,82.98,2,AMER,pro,9.26,1,0
CUST-01793,49,,2,AMER,basic,6.77,1,0
CUST-01794,9,125.24,0,AMER,pro,10.0,1,0
CUST-01795,39,108.58,0,EMEA,basic,8.16,12,0
CUST-01796,48,109.63,3,EMEA,basic,6.82,1,0
CUST-01797,44,147.07,1,EMEA,pro,9.17,1,0
CUST-01798,2,122.3,1,AMER,basic,9.2,12,1
CUST-01799,8,112.04,2,EMEA,pro,6.4,12,0
CUST-01800,70,177.76,1,EMEA,enterprise,7.41,24,0
CUST-01801,19,87.48,1,LATAM,pro,6.12,24,0
CUST-01802,17,73.06,1,APAC,basic,,24,0
CUST-01803,42,155.69,0,EMEA,pro,4.59,12,0
CUST-01804,53,151.66,2,AMER,pro,6.7,12,0
CUST-01805,68,169.23,0,AMER,basic,3.34,12,0
CUST-01806,53,71.75,1,EMEA,enterprise,8.02,12,0
CUST-01807,59,168.66,1,EMEA,basic,3.17,1,0
CUST-01808,66,141.69,1,EMEA,basic,5.19,12,0
CUST-01809,46,199.32,3,APAC,pro,7.46,12,0
CUST-01810,43,63.83,2,EMEA,basic,6.4,12,0
CUST-01811,37,129.82,2,APAC,basic,6.24,24,0
CUST-01812,15,107.51,2,AMER,basic,5.35,12,0
CUST-01813,2,48.46,2,AMER,basic,6.2,12,0
CUST-01814,9,87.83,1,LATAM,pro,3.99,12,0
CUST-01815,64,170.72,3,EMEA,basic,7.56,24,0
CUST-01816,22,98.9,1,LATAM,pro,8.39,1,0
CUST-01817,5,,3,AMER,basic,8.32,12,0
CUST-01818,10,159.07,3,LATAM,enterprise,6.94,12,1
CUST-01819,10,164.5,3,AMER,basic,9.11,12,0
CUST-01820,27,164.41,0,APAC,pro,7.8,1,0
CUST-01821,50,84.46,2,EMEA,pro,8.65,12,0
CUST-01822,58,117.39,0,AMER,pro,7.68,12,0
CUST-01823,58,,2,AMER,basic,7.06,12,0
CUST-01824,69,90.48,0,EMEA,pro,5.7,24,0
CUST-01825,56,86.28,0,EMEA,pro,2.49,1,0
CUST-01826,19,157.27,3,EMEA,basic,8.11,12,0
CUST-01827,33,190.31,1,AMER,basic,6.81,12,0
CUST-01828,46,68.16,0,LATAM,basic,10.0,12,0
CUST-01829,13,10.0,0,AMER,basic,3.61,12,0
CUST-01830,49,54.74,1,APAC,pro,8.45,24,0
CUST-01831,3,74.44,0,LATAM,enterprise,5.38,12,1
CUST-01832,16,113.8,1,LATAM,basic,7.0,12,0
CUST-01833,61,,0,AMER,enterprise,5.49,12,0
CUST-01834,23,113.41,1,APAC,basic,7.61,24,1
CUST-01835,70,88.48,1,EMEA,enterprise,6.96,12,0
CUST-01836,60,126.9,1,EMEA,basic,8.51,12,0
CUST-01837,18,76.72,0,AMER,basic,7.26,12,1
CUST-01838,66,117.89,1,AMER,pro,7.83,24,0
CUST-01839,62,91.13,5,EMEA,enterprise,9.2,1,0
CUST-01840,70,240.62,2,LATAM,pro,7.9,12,0
CUST-01841,29,156.76,1,EMEA,pro,6.78,12,0
CUST-01842,65,82.42,2,LATAM,basic,9.13,24,0
CUST-01843,23,75.14,1,APAC,enterprise,6.82,12,0
CUST-01844,26,100.28,3,AMER,pro,7.71,12,1
CUST-01845,36,45.98,0,LATAM,pro,6.46,1,0
CUST-01846,26,87.13,2,AMER,basic,5.87,12,0
CUST-01847,1,86.78,1,AMER,enterprise,1.87,1,1
CUST-01848,51,159.78,1,EMEA,pro,8.2,1,0
CUST-01849,32,100.8,0,LATAM,pro,5.03,12,0
CUST-01850,59,84.43,1,AMER,basic,8.27,1,0
CUST-01851,15,59.68,4,AMER,basic,10.0,12,0
CUST-01852,17,67.05,0,AMER,basic,4.75,1,0
CUST-01853,51,,4,AMER,basic,8.52,1,0
CUST-01854,50,110.32,1,EMEA,pro,6.85,12,0
CUST-01855,36,171.04,3,EMEA,basic,7.79,12,0
CUST-01856,43,91.69,1,EMEA,basic,4.96,12,0
CUST-01857,62,167.66,3,AMER,basic,7.06,24,0
CUST-01858,63,131.57,2,EMEA,pro,7.28,1,0
CUST-01859,64,119.79,2,EMEA,basic,9.46,24,0
CUST-01860,71,29.63,0,LATAM,pro,10.0,1,0
CUST-01861,23,,6,AMER,basic,7.55,1,0
CUST-01862,57,153.36,1,EMEA,pro,6.39,1,1
CUST-01863,20,182.9,0,EMEA,basic,10.0,12,0
CUST-01864,62,129.29,1,APAC,basic,6.83,1,0
CUST-01865,67,154.31,2,EMEA,pro,6.92,1,0
CUST-01866,32,101.65,1,LATAM,pro,7.19,12,1
CUST-01867,36,103.29,1,EMEA,pro,7.81,12,1
CUST-01868,9,90.17,0,AMER,pro,8.23,1,0
CUST-01869,7,163.86,1,EMEA,pro,6.03,12,0
CUST-01870,15,135.43,0,APAC,basic,6.83,12,0
CUST-01871,4,109.46,1,AMER,basic,10.0,24,0
CUST-01872,29,105.22,2,LATAM,basic,9.76,12,0
CUST-01873,71,145.04,0,EMEA,basic,7.78,12,0
CUST-01874,51,134.54,1,LATAM,pro,7.49,24,0
CUST-01875,42,82.56,2,AMER,enterprise,6.63,1,0
CUST-01876,52,197.22,0,APAC,enterprise,8.78,12,0
CUST-01877,4,131.57,1,EMEA,pro,6.14,12,1
CUST-01878,47,120.47,2,AMER,pro,7.24,12,0
CUST-01879,37,186.48,1,EMEA,basic,6.24,1,0
CUST-01880,9,166.08,1,AMER,pro,5.96,1,0
CUST-01881,36,116.04,0,AMER,basic,7.09,1,0
CUST-01882,48,144.12,3,APAC,enterprise,7.03,24,0
CUST-01883,31,71.85,2,EMEA,basic,6.03,1,0
CUST-01884,66,91.16,1,AMER,basic,6.92,1,0
CUST-01885,68,18.29,2,AMER,basic,7.14,24,0
CUST-01886,26,174.92,2,AMER,basic,6.22,1,0
CUST-01887,68,34.57,1,AMER,pro,5.91,12,0
CUST-01888,18,150.66,1,EMEA,basic,6.79,24,0
CUST-01889,9,82.62,1,AMER,basic,8.23,12,0
CUST-01890,47,75.95,1,AMER,basic,8.92,1,0
CUST-01891,11,111.22,3,EMEA,enterprise,7.35,12,1
CUST-01892,23,131.99,2,APAC,enterprise,6.57,12,0
CUST-01893,29,147.54,0,APAC,basic,6.98,1,0
CUST-01894,49,199.72,2,LATAM,enterprise,10.0,1,0
CUST-01895,60,136.14,3,AMER,basic,8.59,12,0
CUST-01896,64,159.65,2,AMER,basic,5.4,1,0
CUST-01897,45,93.07,0,APAC,pro,6.94,12,0
CUST-01898,69,152.12,1,EMEA,basic,6.12,1,0
CUST-01899,52,126.9,1,AMER,enterprise,6.41,1,0
CUST-01900,63,99.16,1,EMEA,enterprise,4.15,12,0
CUST-01901,41,115.68,1,LATAM,basic,7.08,12,1
CUST-01902,9,117.21,2,APAC,basic,4.71,1,1
CUST-01903,15,128.6,0,LATAM,basic,6.02,24,0
CUST-01904,30,138.06,3,EMEA,enterprise,9.63,12,0
CUST-01905,59,97.1,0,AMER,enterprise,8.74,1,0
CUST-01906,30,86.67,0,EMEA,basic,,1,0
CUST-01907,1,153.64,1,AMER,enterprise,5.26,12,1
CUST-01908,31,43.66,2,AMER,pro,5.47,1,0
CUST-01909,50,92.18,1,AMER,basic,3.8,1,0
CUST-01910,71,189.87,3,AMER,basic,5.35,24,0
CUST-01911,14,10.0,2,AMER,enterprise,6.57,24,0
CUST-01912,23,88.81,0,AMER,basic,,12,0
CUST-01913,34,150.95,2,EMEA,basic,8.33,12,0
CUST-01914,35,45.74,3,EMEA,basic,,1,1
CUST-01915,70,236.92,2,AMER,basic,6.12,1,0
CUST-01916,29,10.0,1,APAC,pro,10.0,1,0
CUST-01917,39,184.65,1,APAC,pro,8.24,12,0
CUST-01918,18,190.08,2,LATAM,basic,,1,0
CUST-01919,5,161.24,0,AMER,basic,10.0,1,0
CUST-01920,28,110.03,0,APAC,pro,9.28,24,0
CUST-01921,31,136.07,0,EMEA,basic,5.82,1,0
CUST-01922,13,79.62,4,APAC,basic,,24,0
CUST-01923,47,156.42,2,LATAM,enterprise,6.28,12,0
CUST-01924,24,69.61,0,AMER,basic,4.57,12,1
CUST-01925,5,107.68,1,APAC,enterprise,10.0,1,0
CUST-01926,39,164.83,1,APAC,pro,,12,0
CUST-01927,18,69.86,1,EMEA,basic,4.85,12,1
CUST-01928,52,103.61,0,EMEA,basic,7.88,12,0
CUST-01929,2,127.39,3,EMEA,basic,4.22,24,0
CUST-01930,55,59.62,4,AMER,enterprise,8.88,12,0
CUST-01931,39,172.4,0,APAC,pro,6.94,1,0
CUST-01932,52,135.33,1,EMEA,basic,6.53,24,0
CUST-01933,28,51.8,0,EMEA,pro,9.19,12,0
CUST-01934,63,117.89,2,APAC,basic,7.05,12,0
CUST-01935,36,85.11,0,AMER,enterprise,6.59,12,0
CUST-01936,71,90.41,0,AMER,basic,8.6,12,0
CUST-01937,22,123.45,2,AMER,basic,6.51,12,0
CUST-01938,61,88.06,2,AMER,basic,8.53,1,0
CUST-01939,47,163.4,5,APAC,basic,7.04,12,0
CUST-01940,66,,3,AMER,pro,8.45,1,0
CUST-01941,13,164.18,6,AMER,pro,8.11,12,1
CUST-01942,37,118.03,0,EMEA,enterprise,8.39,1,0
CUST-01943,65,158.51,0,AMER,basic,5.3,1,0
CUST-01944,18,95.64,1,LATAM,basic,10.0,12,0
CUST-01945,69,97.26,3,LATAM,basic,6.76,12,0
CUST-01946,69,68.14,1,AMER,pro,10.0,24,0
CUST-01947,36,146.01,1,EMEA,basic,6.01,12,0
CUST-01948,52,162.2,0,APAC,enterprise,6.56,12,0
CUST-01949,34,215.36,1,LATAM,basic,6.58,12,0
CUST-01950,47,178.07,1,EMEA,pro,9.03,1,0
CUST-01951,62,131.24,3,EMEA,basic,6.3,24,0
CUST-01952,53,110.51,3,AMER,basic,7.75,12,0
CUST-01953,21,137.49,0,EMEA,enterprise,,1,1
CUST-01954,42,118.75,1,EMEA,pro,6.21,12,0
CUST-01955,58,185.86,0,EMEA,basic,,12,0
CUST-01956,42,162.48,6,AMER,pro,6.85,1,0
CUST-01957,21,82.35,2,APAC,basic,3.8,12,1
CUST-01958,54,89.06,1,EMEA,basic,7.9,24,0
CUST-01959,52,181.53,1,AMER,basic,5.37,24,0
CUST-01960,46,133.86,4,AMER,basic,10.0,24,0
CUST-01961,24,109.57,2,AMER,basic,6.71,24,0
CUST-01962,40,173.39,3,APAC,basic,10.0,1,0
CUST-01963,43,102.56,1,AMER,pro,8.18,12,0
CUST-01964,16,107.41,0,APAC,basic,7.83,12,1
CUST-01965,66,99.25,4,AMER,pro,6.2,12,0
CUST-01966,43,31.72,2,AMER,pro,6.83,12,0
CUST-01967,4,158.89,0,APAC,pro,7.82,1,1
CUST-01968,20,65.59,0,AMER,enterprise,3.66,1,0
CUST-01969,58,94.41,2,LATAM,pro,8.76,1,1
CUST-01970,50,86.53,2,EMEA,pro,5.01,1,0
CUST-01971,39,152.71,2,LATAM,pro,6.59,1,0
CUST-01972,36,116.91,0,AMER,pro,2.3,12,0
CUST-01973,27,120.69,2,AMER,enterprise,7.82,12,0
CUST-01974,67,44.42,0,AMER,pro,8.33,1,0
CUST-01975,25,116.07,2,APAC,basic,7.53,24,0
CUST-01976,60,53.57,1,EMEA,basic,7.59,1,0
CUST-01977,5,133.82,3,APAC,basic,6.39,1,1
CUST-01978,38,136.5,1,EMEA,enterprise,7.3,12,0
CUST-01979,19,119.22,1,LATAM,basic,9.13,12,0
CUST-01980,30,211.94,3,APAC,basic,6.3,12,0
CUST-01981,45,143.75,1,EMEA,enterprise,7.91,1,0
CUST-01982,5,146.81,1,AMER,pro,8.3,24,0
CUST-01983,7,126.4,2,AMER,pro,6.63,12,1
CUST-01984,42,111.33,3,AMER,basic,7.45,24,0
CUST-01985,48,163.47,2,AMER,basic,7.41,12,0
CUST-01986,5,169.57,3,APAC,basic,6.17,24,1
CUST-01987,69,61.45,3,APAC,basic,10.0,1,0
CUST-01988,32,167.45,0,APAC,enterprise,,1,0
CUST-01989,70,143.12,2,AMER,pro,10.0,24,0
CUST-01990,10,163.23,5,AMER,pro,8.89,1,0
CUST-01991,64,140.98,1,EMEA,pro,3.5,24,0
CUST-01992,46,64.01,1,APAC,basic,7.47,12,0
CUST-01993,58,67.22,1,APAC,basic,8.83,12,0
CUST-01994,58,202.11,1,LATAM,pro,8.45,1,0
CUST-01995,13,131.36,1,AMER,pro,5.46,12,1
CUST-01996,12,56.22,1,AMER,enterprise,7.48,24,0
CUST-01997,69,135.67,1,AMER,basic,4.95,12,0
CUST-01998,31,103.7,1,AMER,basic,5.22,1,1
CUST-01999,15,37.05,0,AMER,enterprise,6.62,12,0
